"MonthlyCharges","gender","SeniorCitizen","Partner","Dependents","PhoneService","MultipleLines","InternetService.xFiber.optic","InternetService.xNo","OnlineSecurity","OnlineBackup","DeviceProtection","TechSupport","StreamingTV","StreamingMovies","Contract.xOne.year","Contract.xTwo.year","PaperlessBilling","PaymentMethod.xCredit.card..automatic.","PaymentMethod.xElectronic.check","PaymentMethod.xMailed.check","Churn"
56.95,1,0,0,0,1,0,0,0,1,0,1,0,0,0,1,0,0,0,0,1,0
42.3,1,0,0,0,0,0,0,0,1,0,1,1,0,0,1,0,0,0,0,0,0
70.7,0,0,0,0,1,0,1,0,0,0,0,0,0,0,0,0,1,0,1,0,1
29.75,0,0,0,0,0,0,0,0,1,0,0,0,0,0,0,0,0,0,0,1,0
49.95,1,0,1,1,1,0,0,0,1,0,0,0,0,0,0,0,1,0,0,1,0
113.25,0,0,1,1,1,1,1,0,1,1,1,1,1,1,0,1,0,1,0,0,0
90.05,0,0,0,0,1,0,1,0,0,1,1,0,0,1,0,0,1,0,1,0,0
39.65,1,1,0,0,0,0,0,0,0,0,1,0,0,1,0,0,1,0,1,0,1
59.9,0,0,1,0,1,1,0,0,0,1,0,1,0,0,0,1,1,1,0,0,0
55.3,0,0,0,0,1,0,0,0,1,1,0,0,0,0,0,0,1,0,0,0,0
96.35,0,1,1,0,1,1,1,0,1,1,1,1,0,0,0,1,1,1,0,0,0
95.5,1,1,1,0,1,0,1,0,0,0,1,0,1,1,0,0,1,1,0,0,0
20.2,1,0,0,0,1,0,0,1,0,0,0,0,0,0,0,0,0,0,0,0,0
69.7,1,0,0,0,1,0,1,0,0,0,0,0,0,0,0,0,1,0,1,0,1
64.15,0,0,1,1,1,1,0,0,1,0,1,1,0,0,0,1,1,1,0,0,0
69.5,0,1,1,0,1,1,0,0,1,0,0,1,1,0,0,0,1,1,0,0,0
108.45,1,1,1,1,1,1,1,0,0,1,1,1,1,1,1,0,1,0,1,0,0
24.95,0,0,1,1,1,1,0,1,0,0,0,0,0,0,0,1,0,1,0,0,0
94.4,0,0,0,0,1,1,1,0,0,0,0,0,1,1,0,0,0,0,1,0,1
78.9,1,0,1,0,1,1,1,0,0,1,0,0,0,0,1,0,1,0,1,0,0
79.2,0,0,0,0,1,0,0,0,0,1,1,1,1,1,0,1,0,0,0,1,0
20.15,0,0,1,1,1,0,0,1,0,0,0,0,0,0,0,1,0,0,0,0,0
49.05,1,0,0,0,1,0,0,0,0,0,0,1,0,0,0,0,0,0,0,1,0
111.6,1,1,1,1,1,1,1,0,1,0,1,1,1,1,0,1,1,0,0,0,0
103.8,0,0,0,0,1,0,1,0,0,1,1,1,1,1,0,0,1,0,0,0,0
62.15,0,0,1,0,1,0,0,0,1,0,0,0,1,0,1,0,1,0,0,0,0
20.65,0,0,1,1,1,0,0,1,0,0,0,0,0,0,0,1,0,0,0,0,0
19.95,0,0,1,1,1,0,0,1,0,0,0,0,0,0,0,1,1,0,0,1,0
66.85,1,0,1,1,1,1,0,0,1,1,0,1,0,0,1,0,1,1,0,0,0
45.55,0,1,1,0,0,0,0,0,0,1,1,0,1,0,1,0,0,0,0,0,0
24.3,1,0,0,0,0,0,0,0,0,0,0,0,0,0,0,0,0,0,0,1,0
104.15,0,0,1,1,1,1,1,0,1,1,0,0,1,1,1,0,1,0,1,0,0
96.75,1,0,1,0,1,1,1,0,1,1,0,0,1,0,0,0,1,0,1,0,1
76.5,0,1,1,0,1,1,1,0,0,0,0,0,0,0,0,0,1,0,1,0,1
54.6,0,0,1,1,0,0,0,0,0,1,0,1,1,1,0,1,1,0,1,0,0
100.25,0,0,1,1,1,1,1,0,1,0,0,0,1,1,0,0,1,0,1,0,1
88.95,1,0,0,0,1,0,1,0,1,0,0,1,1,0,0,1,1,0,1,0,0
58.6,0,0,1,1,0,0,0,0,1,1,1,0,1,1,0,0,1,1,0,0,1
35.45,1,0,0,0,0,0,0,0,0,0,0,0,0,1,0,0,1,0,1,0,1
75,0,0,0,0,1,0,1,0,1,0,0,0,0,0,0,0,1,0,0,0,0
20.2,0,0,1,1,1,0,0,1,0,0,0,0,0,0,0,1,0,0,0,1,0
19.6,1,0,0,1,1,0,0,1,0,0,0,0,0,0,0,1,1,0,0,1,0
23.95,1,1,1,0,1,1,0,1,0,0,0,0,0,0,0,1,0,0,0,0,0
69.5,1,0,1,1,1,0,0,0,0,1,1,1,0,1,0,0,1,0,0,1,0
68.55,0,0,1,1,1,0,0,0,0,0,0,1,1,1,0,0,1,0,1,0,0
70.9,0,0,0,0,1,0,1,0,0,0,0,0,0,0,0,0,1,0,0,0,1
81.95,1,0,1,0,1,0,0,0,0,1,1,1,1,1,0,1,0,0,0,1,0
94.85,0,0,1,0,1,0,1,0,0,0,1,0,1,1,1,0,1,0,0,0,1
105.35,0,0,1,1,1,1,1,0,0,1,1,0,1,1,0,0,1,0,0,0,0
29.95,0,0,0,0,0,0,0,0,0,1,0,0,0,0,0,0,0,0,0,0,1
84.5,1,0,0,0,1,1,1,0,0,0,0,0,0,1,0,0,0,0,0,0,1
19.65,0,0,0,0,1,0,0,1,0,0,0,0,0,0,1,0,0,0,1,0,0
56.6,0,0,1,0,1,1,0,0,0,1,0,0,0,0,0,0,0,1,0,0,0
19.75,0,0,1,1,1,0,0,1,0,0,0,0,0,0,0,1,0,0,0,0,0
19.3,1,0,1,1,1,0,0,1,0,0,0,0,0,0,0,1,0,1,0,0,0
80.05,0,0,0,0,1,0,1,0,0,1,0,1,0,0,0,0,1,1,0,0,0
79.95,0,0,0,0,1,0,1,0,0,1,0,1,0,0,1,0,1,0,0,0,0
58.75,0,0,1,0,0,0,0,0,1,1,1,0,1,1,0,0,1,0,0,0,0
84.2,1,0,1,1,1,1,0,0,0,1,1,1,1,1,0,1,1,0,0,0,0
80,0,0,0,0,1,0,1,0,0,0,0,0,1,0,0,0,1,0,0,0,0
24.75,0,0,1,0,1,1,0,1,0,0,0,0,0,0,0,1,0,0,0,0,0
20.2,1,0,1,1,1,0,0,1,0,0,0,0,0,0,1,0,1,0,1,0,0
85.3,0,0,1,1,1,1,0,0,1,1,0,1,1,1,0,1,1,1,0,0,0
73.15,1,0,1,0,1,1,1,0,0,0,0,0,0,0,0,0,1,0,1,0,0
19.75,1,0,0,0,1,0,0,1,0,0,0,0,0,0,0,1,0,0,0,1,0
75.35,1,1,0,0,1,0,1,0,1,0,0,0,0,0,0,0,0,0,1,0,0
74.4,1,1,0,0,1,0,1,0,0,1,0,0,0,0,0,0,1,0,1,0,1
48.55,1,0,0,0,1,0,0,0,1,0,0,0,0,0,0,0,1,0,0,1,1
99,1,0,0,0,1,1,1,0,1,1,1,0,0,1,1,0,1,0,1,0,0
59.55,0,0,1,1,0,0,0,0,0,1,1,1,1,1,0,1,1,0,1,0,0
45,0,1,1,0,0,0,0,0,1,0,1,0,0,1,0,0,1,0,1,0,0
41.15,1,1,0,0,0,0,0,0,0,0,1,0,0,1,0,0,1,0,1,0,1
106.9,1,1,0,0,1,1,1,0,0,1,1,0,1,1,0,0,1,0,1,0,1
49.85,0,0,0,0,0,0,0,0,1,1,0,1,0,1,0,1,1,0,0,0,0
94.45,0,1,0,0,1,0,1,0,0,0,0,1,1,1,0,0,1,0,1,0,1
70.6,1,0,0,0,1,0,1,0,0,0,0,0,0,0,0,0,0,0,0,1,1
85.4,1,0,1,0,1,1,1,0,0,1,0,1,0,0,0,0,1,0,1,0,1
105.05,0,0,1,0,1,1,1,0,0,1,1,0,1,1,0,0,1,0,1,0,1
55.15,0,0,0,0,1,0,0,0,1,1,0,0,0,0,0,0,0,0,0,1,0
89.35,0,1,0,0,1,0,1,0,0,0,0,0,1,1,0,0,1,0,1,0,0
19.7,0,0,0,0,1,0,0,1,0,0,0,0,0,0,0,0,0,0,0,1,0
20.25,1,0,0,0,1,0,0,1,0,0,0,0,0,0,0,0,0,0,0,1,0
76.05,0,0,1,1,1,0,1,0,0,0,1,0,0,0,0,1,0,0,1,0,0
73.6,0,0,0,1,1,0,1,0,1,0,0,0,0,0,0,0,1,0,0,1,1
64.9,1,0,0,0,1,0,0,0,0,0,0,0,1,1,1,0,1,0,0,0,0
90.4,1,0,0,0,1,0,1,0,0,0,1,1,0,1,0,0,1,0,1,0,0
60.3,0,0,1,1,0,0,0,0,0,1,1,1,1,1,0,1,0,1,0,0,0
115.05,0,0,0,0,1,1,1,0,1,1,1,1,1,1,0,1,0,1,0,0,0
110.05,1,0,1,1,1,1,1,0,1,1,0,1,1,1,1,0,0,1,0,0,0
19.9,1,0,0,0,1,0,0,1,0,0,0,0,0,0,0,1,1,1,0,0,0
91.5,1,0,1,0,1,1,1,0,0,0,0,1,1,0,0,0,1,1,0,0,0
82.45,0,1,0,0,1,1,0,0,1,1,0,1,1,1,1,0,0,0,0,0,1
48.6,0,0,1,1,1,0,0,0,1,0,0,0,0,0,1,0,0,0,0,1,0
82.9,0,1,1,0,1,0,1,0,0,0,0,1,1,0,0,0,1,0,1,0,0
82.65,0,1,0,0,1,1,1,0,0,0,1,0,0,0,0,0,1,1,0,0,0
94.9,1,0,0,0,1,1,1,0,0,1,1,0,1,0,1,0,1,1,0,0,0
73.85,0,0,0,0,1,1,1,0,0,0,0,0,0,0,0,0,1,0,1,0,1
103.4,1,0,1,0,1,1,1,0,0,1,1,0,1,1,0,0,1,0,1,0,1
90.4,0,0,0,0,1,0,1,0,0,0,0,0,1,1,0,0,1,0,1,0,1
44.6,1,0,0,1,1,0,0,0,0,0,0,0,0,0,1,0,0,0,0,1,0
80.25,0,0,0,0,1,0,1,0,0,0,0,0,0,1,0,0,1,0,0,0,1
97.1,1,0,1,1,1,1,1,0,1,0,0,0,1,1,1,0,0,0,1,0,0
50.3,1,0,1,0,1,0,0,0,0,0,1,0,0,0,1,0,0,1,0,0,0
96.5,1,0,0,0,1,0,1,0,0,0,1,0,1,1,0,0,0,0,0,0,1
35.75,1,0,0,1,0,0,0,0,1,0,0,1,0,0,0,1,0,0,0,1,0
85.1,0,0,0,0,1,1,0,0,0,1,1,1,1,1,1,0,0,1,0,0,0
25.35,1,0,0,0,0,0,0,0,0,0,0,0,0,0,0,0,0,0,0,1,0
86.75,1,0,0,0,1,1,1,0,0,0,1,1,0,0,1,0,0,0,1,0,0
50.65,1,0,0,0,1,0,0,0,0,1,0,0,0,0,0,0,0,0,0,1,1
90.85,1,0,0,0,1,1,1,0,0,1,0,0,0,1,0,0,1,1,0,0,1
19.95,1,1,1,0,1,0,0,1,0,0,0,0,0,0,0,0,0,0,0,1,1
95.6,0,0,0,0,1,1,1,0,0,0,0,0,1,1,0,0,1,0,0,0,0
44.3,0,1,0,0,1,0,0,0,0,0,0,0,0,0,0,0,1,0,1,0,0
19.9,0,0,0,0,1,0,0,1,0,0,0,0,0,0,0,0,0,0,0,1,0
20.05,0,0,1,1,1,0,0,1,0,0,0,0,0,0,1,0,0,0,0,1,0
19.75,0,0,0,0,1,0,0,1,0,0,0,0,0,0,1,0,0,0,0,0,0
99.45,1,0,1,1,1,1,1,0,0,0,1,0,1,1,0,0,1,1,0,0,1
95.4,1,0,1,1,1,1,1,0,1,0,1,0,1,0,1,0,1,0,0,0,0
24.45,0,0,1,0,1,1,0,1,0,0,0,0,0,0,1,0,1,0,0,0,0
98.7,1,0,1,0,1,1,1,0,0,1,1,1,0,1,0,1,1,0,0,0,0
40.7,0,0,0,0,0,0,0,0,1,1,1,0,0,0,0,0,0,0,0,0,0
58.25,0,0,1,0,1,1,0,0,1,0,0,1,0,0,1,0,0,0,0,0,0
19.4,0,0,1,1,1,0,0,1,0,0,0,0,0,0,0,0,1,0,0,1,1
45.4,1,0,0,0,1,0,0,0,0,0,0,0,0,0,0,0,1,0,0,0,1
114.65,0,0,1,0,1,1,1,0,1,1,1,1,1,1,1,0,1,0,0,1,0
80.4,0,0,1,0,1,0,1,0,0,0,0,0,0,1,0,0,0,0,1,0,0
105.9,0,0,0,0,1,1,1,0,0,1,1,0,1,1,0,0,1,0,1,0,1
69.55,0,0,0,0,1,0,1,0,0,0,0,0,0,0,0,0,0,0,0,1,1
104.15,0,0,0,0,1,1,1,0,0,1,1,0,1,1,0,0,1,0,1,0,0
92.9,1,0,1,1,1,0,1,0,0,1,1,1,1,0,1,0,0,0,0,0,0
80.8,0,0,1,1,1,0,0,0,0,1,1,1,1,1,0,1,0,0,0,0,0
19.65,1,0,0,1,1,0,0,1,0,0,0,0,0,0,0,0,0,0,0,1,0
55.95,0,0,1,1,1,0,0,0,0,0,0,0,0,1,0,0,0,0,1,0,1
55,1,0,0,0,1,0,0,0,0,0,0,0,0,1,0,0,1,0,1,0,1
53.6,1,0,1,0,1,0,0,0,1,0,0,1,0,0,0,0,0,0,0,1,0
69,0,0,0,1,1,0,1,0,0,0,0,0,0,0,0,0,0,0,0,0,1
45.3,0,0,1,0,0,0,0,0,1,0,1,0,0,1,0,0,1,0,0,0,1
83.55,0,0,1,1,1,0,1,0,0,1,0,0,1,0,0,0,1,0,1,0,1
74.35,1,0,0,1,1,1,1,0,0,0,0,0,0,0,0,0,1,0,1,0,1
104.8,1,0,1,1,1,1,1,0,0,1,1,0,1,1,0,1,1,0,0,0,0
64.05,1,1,1,0,1,1,0,0,0,1,0,0,0,1,1,0,0,0,0,0,0
43.75,1,0,0,0,0,0,0,0,0,1,1,0,0,1,1,0,1,0,0,0,1
99.7,0,0,0,0,1,1,1,0,1,1,1,0,0,1,0,0,1,0,0,0,1
80.5,0,0,1,1,1,1,1,0,0,0,0,1,0,0,0,0,1,0,1,0,1
74.35,0,1,1,0,1,1,1,0,0,0,0,0,0,0,0,0,1,0,1,0,1
95,1,0,0,0,1,1,1,0,1,1,1,1,0,0,0,0,1,1,0,0,0
70.05,0,1,1,0,1,0,1,0,0,0,0,0,0,0,0,0,0,0,1,0,0
20.05,1,0,0,0,1,0,0,1,0,0,0,0,0,0,0,0,0,1,0,0,0
115.75,1,1,1,1,1,1,1,0,1,1,1,1,1,1,0,1,1,1,0,0,0
19.6,1,0,1,1,1,0,0,1,0,0,0,0,0,0,0,1,0,0,0,1,0
21.1,0,0,1,1,1,0,0,1,0,0,0,0,0,0,0,1,1,1,0,0,0
107.15,1,1,1,1,1,1,1,0,0,0,1,1,1,1,1,0,1,1,0,0,0
89.55,1,0,0,0,1,1,1,0,0,0,1,0,1,0,0,0,1,0,1,0,0
58.45,0,0,1,1,1,0,0,0,1,1,1,0,0,0,1,0,1,0,0,1,0
113.1,0,0,1,1,1,1,1,0,1,1,1,1,1,1,0,1,1,0,0,0,0
19.55,0,0,0,0,1,0,0,1,0,0,0,0,0,0,0,0,0,0,0,1,0
45.55,1,0,0,0,0,0,0,0,1,0,0,1,1,0,0,0,1,1,0,0,1
78.95,1,0,1,1,1,0,1,0,0,0,0,0,0,1,1,0,1,0,0,0,0
105.05,0,0,0,0,1,1,1,0,0,1,0,1,1,1,1,0,1,0,0,0,0
101.9,1,1,1,0,1,1,1,0,1,1,1,0,1,0,1,0,1,0,0,0,0
25.6,0,0,1,1,1,1,0,1,0,0,0,0,0,0,0,1,1,1,0,0,0
23.6,1,0,1,0,1,1,0,1,0,0,0,0,0,0,0,0,1,0,0,1,0
69.7,1,0,1,1,1,0,0,0,1,0,0,0,1,1,0,0,0,1,0,0,0
73.5,1,0,1,0,1,1,0,0,1,1,0,1,1,0,0,1,0,1,0,0,0
40.4,0,0,0,0,0,0,0,0,0,1,1,1,0,0,1,0,1,1,0,0,0
59.6,1,1,0,0,1,1,0,0,0,1,0,1,0,0,0,1,0,0,0,0,0
110.85,0,1,1,0,1,1,1,0,0,1,1,1,1,1,0,0,1,0,1,0,0
81.05,1,0,1,0,1,0,0,0,1,1,0,1,1,1,0,1,1,0,0,1,0
19,0,0,1,1,1,0,0,1,0,0,0,0,0,0,0,0,0,0,0,1,1
75.3,0,0,0,0,1,0,1,0,1,0,0,0,0,0,0,0,0,0,0,1,1
89.2,0,1,0,0,1,1,1,0,0,0,1,0,1,0,0,0,1,0,1,0,1
20,0,0,0,0,1,0,0,1,0,0,0,0,0,0,0,0,1,0,0,1,0
99.15,1,0,1,0,1,1,1,0,1,1,1,0,0,1,0,1,1,0,1,0,0
83.5,1,0,1,1,1,1,0,0,1,1,1,0,1,1,0,1,0,1,0,0,0
61.65,0,0,0,0,1,1,0,0,1,0,1,1,0,0,0,0,1,0,0,1,1
90.35,1,0,1,0,1,1,1,0,0,1,0,0,0,1,1,0,1,1,0,0,0
86.65,1,0,1,0,1,1,0,0,1,0,1,1,1,1,0,1,0,1,0,0,0
47.85,1,0,0,1,1,0,0,0,0,0,0,1,0,0,1,0,0,1,0,0,0
109.8,0,1,0,0,1,1,1,0,1,1,1,0,1,1,1,0,1,1,0,0,0
48.85,0,0,0,0,1,1,0,0,0,0,0,0,0,0,0,0,0,0,0,1,0
25.25,1,0,0,0,0,0,0,0,0,0,0,0,0,0,0,0,1,1,0,0,0
102.85,0,1,0,0,1,1,1,0,0,0,1,1,1,1,1,0,1,1,0,0,0
87.55,0,0,0,0,1,1,1,0,1,1,0,1,0,0,0,0,1,0,0,0,0
34.55,1,1,1,1,0,0,0,0,0,0,0,0,0,1,0,0,1,0,0,0,0
92.05,0,0,0,0,1,1,1,0,1,1,1,0,0,0,1,0,1,0,1,0,0
85.05,1,0,1,1,1,0,1,0,0,0,1,0,1,0,1,0,1,0,1,0,0
104.6,0,1,1,0,1,1,1,0,0,1,1,0,1,1,1,0,0,1,0,0,0
110.75,1,1,1,1,1,1,1,0,0,1,1,1,1,1,0,0,1,0,0,0,1
55,0,0,1,0,1,1,0,0,1,0,0,0,0,0,0,0,0,0,0,0,0
20.35,1,0,0,0,1,0,0,1,0,0,0,0,0,0,1,0,0,0,0,1,0
99.45,1,0,0,0,1,0,1,0,0,0,1,1,1,1,0,1,0,0,0,0,0
70.9,0,0,1,0,1,1,0,0,1,1,1,1,0,0,0,1,0,1,0,0,0
104.55,1,1,1,1,1,1,1,0,1,0,1,0,1,1,1,0,1,0,0,0,1
56.15,0,0,1,1,1,0,0,0,0,0,0,0,1,0,0,0,0,0,1,0,1
89.55,1,0,0,0,1,0,1,0,0,0,0,0,1,1,0,0,1,0,1,0,1
45.7,1,0,0,0,1,0,0,0,0,0,0,0,0,0,0,0,1,0,0,1,1
69.55,0,0,0,0,1,0,1,0,0,0,0,0,0,0,0,0,1,0,0,0,1
74.6,0,0,0,0,1,0,1,0,0,0,1,0,0,0,0,0,1,0,0,1,1
19.65,0,1,0,0,1,0,0,1,0,0,0,0,0,0,0,0,0,0,1,0,1
95.1,1,0,0,0,1,0,1,0,0,0,0,1,1,1,0,0,1,1,0,0,0
88.85,1,0,1,1,1,1,0,0,1,1,1,1,1,1,0,1,1,1,0,0,0
24.25,0,0,0,0,0,0,0,0,0,0,0,0,0,0,0,0,1,0,0,1,1
45.25,0,0,0,0,1,0,0,0,0,0,0,0,0,0,0,0,0,0,0,1,0
69.55,1,0,1,1,1,1,0,0,1,1,0,0,0,1,0,1,1,0,0,1,0
69.65,0,0,0,0,1,0,1,0,0,0,0,0,0,0,0,0,0,0,1,0,1
24.55,0,0,0,0,1,1,0,1,0,0,0,0,0,0,1,0,0,0,0,0,0
80,1,0,1,1,1,0,1,0,0,0,0,0,0,1,0,0,0,0,1,0,1
73.8,0,0,1,1,1,0,0,0,0,0,1,1,1,1,0,1,1,0,0,0,0
64.4,1,0,0,0,1,0,0,0,1,0,0,1,1,0,0,0,1,1,0,0,0
103.75,0,1,0,0,1,1,1,0,0,0,1,1,1,1,1,0,1,1,0,0,0
71.1,0,0,0,0,1,0,1,0,0,0,0,0,0,0,0,0,0,0,0,1,0
63.3,1,0,1,1,1,1,0,0,0,0,1,0,1,0,0,1,1,0,0,0,0
20.55,0,0,0,0,1,0,0,1,0,0,0,0,0,0,0,0,1,0,0,1,0
86,0,0,0,1,1,1,1,0,1,0,0,1,0,0,0,0,1,0,0,1,0
50.35,0,0,0,0,0,0,0,0,0,0,1,0,1,1,0,0,1,1,0,0,0
20.55,1,0,1,1,1,0,0,1,0,0,0,0,0,0,0,1,0,1,0,0,0
85.95,0,0,1,1,1,1,1,0,0,0,0,0,0,1,0,0,1,0,1,0,1
45.35,1,0,0,0,1,0,0,0,0,0,0,0,0,0,0,0,1,0,1,0,1
21.25,1,1,1,0,1,0,0,1,0,0,0,0,0,0,0,0,1,0,0,1,0
26.25,0,0,0,0,1,1,0,1,0,0,0,0,0,0,0,1,0,0,0,1,0
91.7,0,1,0,0,1,1,1,0,1,1,1,0,0,0,0,0,0,1,0,0,1
20.35,1,0,0,0,1,0,0,1,0,0,0,0,0,0,0,0,0,0,0,1,0
79.05,0,0,1,1,1,1,1,0,1,0,0,0,0,0,0,1,0,0,0,0,0
110.45,0,0,0,0,1,1,1,0,0,1,1,1,1,1,1,0,0,1,0,0,0
101,1,0,1,0,1,0,1,0,1,1,1,1,0,1,0,1,0,1,0,0,0
65,0,0,0,0,1,1,0,0,1,0,1,1,0,0,0,1,1,0,0,1,0
114.95,1,1,1,1,1,1,1,0,1,1,1,1,1,1,0,1,1,0,0,0,0
90.05,0,0,0,0,1,0,1,0,0,0,1,1,1,0,1,0,1,1,0,0,0
19.85,0,0,0,0,1,0,0,1,0,0,0,0,0,0,0,0,0,0,0,1,0
20.45,1,0,0,0,1,0,0,1,0,0,0,0,0,0,0,0,1,1,0,0,0
93.35,1,0,0,0,1,1,1,0,0,0,0,0,1,1,0,0,1,0,1,0,1
88.9,0,0,1,0,1,0,1,0,1,0,1,0,0,1,0,0,1,0,0,1,1
45.35,1,0,0,0,1,0,0,0,0,0,0,0,0,0,0,0,0,0,1,0,1
44.8,0,0,1,1,1,0,0,0,0,0,0,0,0,0,0,0,0,0,0,1,0
40.6,1,0,0,1,0,0,0,0,1,1,0,1,0,0,1,0,1,0,0,0,0
69.65,1,0,0,0,1,1,0,0,1,1,1,1,0,0,0,1,0,0,0,0,0
59.85,0,0,1,1,0,0,0,0,1,0,1,1,1,1,0,1,0,1,0,0,0
45,0,0,0,0,0,0,0,0,0,0,0,0,1,1,0,0,0,1,0,0,0
76.8,0,0,1,1,1,1,0,0,0,0,1,0,1,1,0,1,1,0,0,0,0
101.3,1,0,1,0,1,1,1,0,0,1,0,0,1,1,0,0,1,0,1,0,1
30.4,1,0,1,1,0,0,0,0,1,0,0,0,0,0,1,0,0,0,0,0,0
20.05,1,1,0,0,1,0,0,1,0,0,0,0,0,0,0,0,0,0,0,0,0
63.95,1,0,0,0,1,0,0,0,0,0,1,1,1,0,0,0,1,1,0,0,0
25.8,0,0,0,0,1,1,0,1,0,0,0,0,0,0,0,1,1,1,0,0,0
44.85,1,0,1,1,0,0,0,0,0,0,1,1,1,0,0,0,1,0,1,0,0
25.05,1,0,1,1,1,1,0,1,0,0,0,0,0,0,0,1,0,1,0,0,0
88.8,0,0,1,1,1,1,1,0,0,1,0,0,1,0,0,0,1,0,1,0,0
71.4,1,0,1,1,1,0,0,0,1,0,1,1,0,1,1,0,0,1,0,0,0
100,0,1,0,0,1,1,1,0,0,0,1,0,1,1,1,0,1,0,1,0,1
105,0,0,1,0,1,1,1,0,1,0,1,0,1,1,0,1,1,1,0,0,0
84.85,0,0,0,0,1,0,0,0,1,1,1,1,1,1,0,1,1,0,0,0,0
85.15,1,0,0,1,1,1,0,0,1,1,0,1,1,1,0,1,1,0,0,1,0
24.85,1,0,0,0,1,1,0,1,0,0,0,0,0,0,0,0,0,0,0,1,0
64.35,0,0,0,0,1,0,0,0,1,0,0,1,1,0,0,0,1,0,1,0,0
86.05,1,0,0,0,1,1,0,0,1,1,0,1,1,1,0,1,0,1,0,0,0
64.8,1,0,1,1,0,0,0,0,1,1,1,1,1,1,0,1,1,1,0,0,0
19.95,1,0,0,1,1,0,0,1,0,0,0,0,0,0,0,1,0,1,0,0,0
99.7,1,0,0,1,1,1,1,0,0,0,1,0,1,1,0,1,0,0,0,0,0
64.75,0,0,0,0,1,1,0,0,1,0,1,1,0,0,1,0,0,0,1,0,0
19.3,1,1,0,0,1,0,0,1,0,0,0,0,0,0,1,0,0,1,0,0,0
35.8,0,0,1,1,0,0,0,0,1,0,0,1,0,0,1,0,1,1,0,0,0
20.05,1,0,0,0,1,0,0,1,0,0,0,0,0,0,0,0,1,0,0,1,0
103.85,1,0,1,1,1,1,1,0,0,1,1,0,1,1,0,0,1,0,0,0,1
81.2,0,0,1,0,1,1,1,0,0,0,0,1,0,0,1,0,1,1,0,0,0
94.3,1,0,0,0,1,1,1,0,1,1,0,0,0,1,0,0,1,1,0,0,0
94.4,1,0,1,0,1,1,1,0,1,1,0,0,0,1,0,0,1,1,0,0,0
19.5,0,0,0,0,1,0,0,1,0,0,0,0,0,0,0,0,0,0,0,1,0
93.85,1,0,0,0,1,0,1,0,1,0,0,0,1,1,0,0,0,0,1,0,1
56.4,1,0,0,0,1,0,0,0,0,0,0,0,1,0,0,0,1,0,1,0,0
65.35,1,0,0,0,1,0,0,0,0,1,0,1,0,1,1,0,1,0,0,0,0
19.95,0,0,0,1,1,0,0,1,0,0,0,0,0,0,0,0,0,0,0,1,0
106.1,1,0,1,1,1,1,1,0,1,0,1,0,1,1,1,0,1,0,0,0,0
73.55,1,1,1,0,1,1,1,0,0,0,0,0,0,0,0,0,1,0,1,0,1
24.15,1,0,1,0,1,1,0,1,0,0,0,0,0,0,1,0,0,0,0,0,0
79.7,0,0,1,0,1,1,0,0,1,1,0,0,1,1,1,0,1,1,0,0,0
86.45,0,0,1,1,1,0,1,0,0,0,1,0,0,1,1,0,0,0,1,0,0
75.1,0,0,0,0,1,0,1,0,0,1,0,0,0,0,0,0,0,0,0,0,0
19.3,1,0,1,0,1,0,0,1,0,0,0,0,0,0,0,1,0,1,0,0,0
33.6,0,0,0,0,0,0,0,0,1,0,0,1,0,0,1,0,1,0,0,1,0
79.05,0,0,0,0,1,1,1,0,1,0,0,0,0,0,0,0,1,0,1,0,1
108.05,0,0,1,0,1,1,1,0,0,1,1,1,1,1,1,0,1,1,0,0,0
21.05,0,0,0,1,1,0,0,1,0,0,0,0,0,0,1,0,0,0,0,0,0
55.1,1,0,0,0,1,0,0,0,1,0,0,1,0,0,0,0,0,0,0,1,0
44.7,1,0,1,0,1,0,0,0,0,0,0,0,0,0,0,0,0,1,0,0,1
45.7,1,0,0,0,1,0,0,0,0,0,0,0,0,0,0,0,1,0,0,1,1
77.35,0,0,0,0,1,0,0,0,1,1,1,1,1,0,0,1,0,1,0,0,0
90.55,0,0,0,0,1,0,1,0,0,0,0,0,1,1,0,0,0,0,1,0,1
70.1,1,0,0,0,1,0,0,0,0,1,1,1,1,0,0,1,0,0,0,0,0
69.9,1,0,0,0,1,0,1,0,0,0,0,0,0,0,0,0,1,0,1,0,1
19.6,1,0,1,1,1,0,0,1,0,0,0,0,0,0,0,1,0,0,0,1,0
47.85,0,0,0,0,1,0,0,0,1,0,0,0,0,0,1,0,1,0,1,0,0
23.75,0,0,1,1,1,1,0,1,0,0,0,0,0,0,0,1,0,0,0,0,0
80.6,0,1,1,0,1,1,1,0,0,1,0,0,0,0,0,0,1,0,0,0,1
85.3,0,0,0,0,1,1,1,0,0,1,0,1,0,0,0,0,0,1,0,0,1
20.7,1,0,1,0,1,0,0,1,0,0,0,0,0,0,0,1,0,0,0,0,0
19.85,0,0,0,0,1,0,0,1,0,0,0,0,0,0,0,1,0,0,0,1,0
20,1,0,0,0,1,0,0,1,0,0,0,0,0,0,0,0,0,0,0,1,0
90.1,0,0,0,0,1,1,1,0,0,0,0,1,0,1,0,0,1,0,1,0,1
53.65,1,0,1,1,1,0,0,0,0,0,0,0,0,1,1,0,0,1,0,0,1
54.35,1,0,1,0,1,0,0,0,1,0,0,1,0,0,1,0,0,0,0,1,0
70.35,1,0,0,0,1,0,1,0,0,0,0,0,0,0,0,0,1,0,0,1,0
90.45,1,1,0,0,1,0,1,0,0,0,0,0,1,1,0,0,0,1,0,0,1
19.3,0,0,0,1,1,0,0,1,0,0,0,0,0,0,1,0,1,0,0,0,0
19.8,1,0,0,0,1,0,0,1,0,0,0,0,0,0,1,0,1,0,0,1,0
19.65,0,0,0,0,1,0,0,1,0,0,0,0,0,0,0,0,0,0,0,1,1
43.65,1,1,0,0,0,0,0,0,0,0,1,1,0,1,0,0,1,0,1,0,1
35.5,0,0,1,1,0,0,0,0,0,0,0,0,0,1,0,0,1,1,0,0,0
80.75,0,0,0,0,1,1,0,0,0,0,1,1,1,1,1,0,1,0,0,1,0
90.6,1,0,0,0,1,1,1,0,0,0,0,1,1,0,0,0,1,0,1,0,1
20.05,1,0,1,1,1,0,0,1,0,0,0,0,0,0,1,0,1,0,0,0,0
90.05,0,0,0,0,1,1,1,0,1,0,0,0,1,0,0,0,1,0,0,0,1
99.05,1,0,1,0,1,1,1,0,0,1,0,0,1,1,0,0,1,0,0,0,1
69.75,0,0,0,0,1,0,1,0,0,0,0,0,0,0,0,0,0,0,0,0,1
49.05,0,0,0,0,1,0,0,0,0,1,0,0,0,0,0,0,1,1,0,0,1
56.75,1,0,0,0,0,0,0,0,0,0,1,1,1,1,0,1,0,0,0,0,0
98.05,1,0,0,0,1,1,1,0,0,0,1,0,1,1,0,0,1,0,0,0,1
19.6,0,0,1,1,1,0,0,1,0,0,0,0,0,0,1,0,0,1,0,0,0
100.45,1,1,1,0,1,1,1,0,0,0,1,0,1,1,0,0,1,1,0,0,1
107.45,0,0,0,0,1,1,1,0,1,1,1,0,1,1,1,0,0,0,0,0,0
68.5,1,0,1,1,1,1,0,0,0,1,1,0,1,0,1,0,0,0,0,0,0
80.55,1,0,0,0,1,0,1,0,0,0,0,0,1,0,0,0,1,0,1,0,0
81.25,0,0,1,0,1,0,0,0,1,0,1,1,1,1,0,0,0,0,0,0,0
24.8,1,0,0,1,1,1,0,1,0,0,0,0,0,0,0,0,1,0,1,0,0
20,0,0,1,1,1,0,0,1,0,0,0,0,0,0,0,0,0,0,1,0,0
105.2,1,0,1,1,1,1,1,0,0,1,0,1,1,1,1,0,1,0,1,0,0
19.55,1,0,0,0,1,0,0,1,0,0,0,0,0,0,1,0,1,0,0,1,0
24.25,0,0,1,0,1,1,0,1,0,0,0,0,0,0,0,1,0,0,0,0,0
24.6,0,0,0,0,1,1,0,1,0,0,0,0,0,0,0,1,0,1,0,0,0
94.4,0,0,0,0,1,0,1,0,1,0,1,1,0,1,0,0,1,0,0,0,1
89.45,1,0,0,0,1,1,1,0,0,0,1,0,0,1,0,1,1,1,0,0,0
44.85,0,0,0,0,0,0,0,0,0,0,0,0,1,1,1,0,1,1,0,0,1
74.65,1,0,0,0,1,0,1,0,0,0,1,0,0,0,0,0,0,0,0,1,1
64.7,0,0,1,0,1,1,0,0,1,0,0,0,1,0,0,0,1,0,0,0,1
104.05,0,1,1,0,1,1,1,0,0,0,1,1,1,1,0,0,1,0,0,0,1
81.95,0,0,1,1,1,0,1,0,1,1,0,0,0,0,0,0,0,0,1,0,0
114.65,0,1,1,0,1,1,1,0,1,1,1,1,1,1,0,1,1,0,0,0,0
88.95,0,0,0,1,1,1,0,0,1,1,1,1,1,1,0,1,0,1,0,0,0
56.8,1,0,1,0,1,1,0,0,0,1,0,0,0,0,0,0,0,1,0,0,0
40.35,0,0,0,0,0,0,0,0,0,1,0,0,0,1,0,0,1,0,1,0,0
54.85,1,0,0,0,1,0,0,0,0,0,0,0,1,0,0,0,0,0,0,1,0
64.3,0,0,1,0,1,0,0,0,1,0,1,0,1,0,1,0,1,0,0,1,0
97.95,0,1,1,0,1,1,1,0,0,1,1,0,1,0,1,0,1,1,0,0,0
44.05,1,1,0,0,0,0,0,0,0,1,1,0,1,0,1,0,1,1,0,0,0
19.85,1,0,0,0,1,0,0,1,0,0,0,0,0,0,0,0,1,0,1,0,1
109.9,0,0,0,0,1,1,1,0,0,1,1,1,1,1,0,0,1,1,0,0,1
93.45,0,0,1,0,1,0,1,0,0,0,0,1,1,1,1,0,1,0,1,0,0
87.9,1,0,1,1,1,0,1,0,1,0,1,0,1,0,0,0,1,0,0,1,0
104.05,0,1,0,0,1,1,1,0,0,0,1,0,1,1,0,1,0,0,0,0,0
74.45,0,0,0,0,1,0,0,0,0,0,1,1,1,1,0,1,0,0,0,1,0
85.25,1,0,1,0,1,1,0,0,1,1,0,1,1,1,0,1,0,0,1,0,0
20.75,0,0,0,0,1,0,0,1,0,0,0,0,0,0,0,1,1,0,0,0,0
104.5,1,0,0,0,1,1,1,0,0,1,0,1,1,1,1,0,1,1,0,0,0
49.4,0,0,0,0,1,0,0,0,0,1,0,0,0,0,0,0,1,0,1,0,0
25,0,0,0,0,1,1,0,1,0,0,0,0,0,0,0,1,0,0,0,1,0
74.9,1,0,0,0,1,1,1,0,0,0,0,0,0,0,0,0,1,0,1,0,1
80.25,0,0,0,0,1,0,1,0,0,0,0,0,1,0,0,0,1,0,1,0,1
66.35,0,0,1,1,1,1,0,0,0,0,0,1,0,1,0,0,1,0,1,0,1
80.3,0,0,1,1,1,0,1,0,0,0,0,0,0,1,0,0,1,0,1,0,1
23.75,1,0,1,0,1,1,0,1,0,0,0,0,0,0,1,0,1,1,0,0,0
70.45,0,0,1,1,1,1,0,0,0,0,0,0,1,1,0,0,1,1,0,0,0
75.9,0,0,0,0,1,1,1,0,0,0,0,0,0,0,0,0,1,0,1,0,1
45.85,1,0,1,1,1,0,0,0,0,0,0,0,0,0,0,0,1,0,0,1,1
100.85,0,0,1,0,1,1,1,0,1,0,0,0,1,1,0,0,1,0,0,1,0
19.45,1,0,0,0,1,0,0,1,0,0,0,0,0,0,1,0,0,0,0,1,0
96.15,0,1,0,0,1,1,1,0,0,0,0,0,1,1,0,0,1,0,1,0,1
19.4,0,0,0,0,1,0,0,1,0,0,0,0,0,0,0,0,0,0,0,0,1
45.05,1,0,0,0,1,0,0,0,0,0,0,0,0,0,0,0,0,0,0,1,1
103.2,0,0,1,0,1,1,1,0,0,0,1,1,1,1,0,1,0,0,0,0,0
30.9,0,0,0,0,0,0,0,0,0,0,0,1,0,0,0,0,1,0,1,0,1
20.15,0,0,0,0,1,0,0,1,0,0,0,0,0,0,0,1,0,0,0,1,0
95.2,1,0,1,1,1,0,1,0,0,0,0,1,1,1,0,1,1,1,0,0,0
76.1,1,0,1,0,1,1,0,0,0,1,1,1,1,0,0,1,1,0,0,0,0
115.55,1,0,1,1,1,1,1,0,1,1,1,1,1,1,0,1,0,0,0,0,0
53.6,0,0,0,0,0,0,0,0,1,1,1,1,1,0,1,0,1,0,1,0,0
101.15,0,0,1,1,1,1,1,0,1,0,0,0,1,1,0,1,1,0,0,0,0
99.4,0,1,1,0,1,0,1,0,1,1,1,1,1,0,0,1,1,0,1,0,0
19.25,0,0,0,0,1,0,0,1,0,0,0,0,0,0,1,0,1,0,0,0,0
105.5,0,0,1,0,1,1,1,0,1,0,1,0,1,1,0,1,1,0,1,0,0
74.1,0,0,0,0,1,0,0,0,0,0,1,1,1,1,1,0,0,1,0,0,0
84.45,1,1,1,0,1,1,0,0,1,1,1,0,1,1,0,1,0,1,0,0,0
111.2,1,0,1,1,1,1,1,0,0,1,1,1,1,1,0,1,1,0,0,0,0
80.7,0,1,0,0,1,0,1,0,0,0,0,0,1,0,0,0,0,0,0,0,0
75.6,0,0,0,0,1,1,1,0,0,0,0,0,0,0,0,0,0,0,1,0,0
57.6,0,0,1,1,0,0,0,0,1,1,1,0,1,1,1,0,0,0,1,0,0
19.7,0,0,1,1,1,0,0,1,0,0,0,0,0,0,0,1,0,0,0,0,0
85.6,1,1,1,0,1,1,1,0,0,0,0,0,0,1,0,0,1,0,0,0,1
70.95,1,0,0,0,1,1,0,0,1,0,0,1,0,1,1,0,1,0,0,0,0
89.55,0,0,1,1,1,1,1,0,0,1,1,1,0,0,1,0,1,0,1,0,1
19.95,1,0,0,0,1,0,0,1,0,0,0,0,0,0,0,0,1,0,0,1,0
94.8,1,0,1,1,1,0,1,0,1,1,1,0,0,1,1,0,0,0,0,1,0
19.95,0,0,1,0,1,0,0,1,0,0,0,0,0,0,0,0,1,0,0,0,0
20.35,0,0,1,1,1,0,0,1,0,0,0,0,0,0,0,0,0,0,0,1,1
75.35,0,0,1,0,1,0,1,0,0,1,0,0,0,0,0,0,0,0,0,0,0
20.4,1,0,0,0,1,0,0,1,0,0,0,0,0,0,0,1,0,0,0,0,0
20.15,1,0,0,0,1,0,0,1,0,0,0,0,0,0,0,0,0,0,0,1,1
100.75,0,0,1,0,1,1,1,0,0,0,1,0,1,1,1,0,1,1,0,0,0
111.45,1,0,1,0,1,1,1,0,1,1,1,0,1,1,0,0,1,0,0,0,0
70.2,1,0,0,0,1,0,1,0,0,0,0,0,0,0,0,0,1,0,1,0,1
19.85,0,0,1,1,1,0,0,1,0,0,0,0,0,0,0,1,1,0,0,0,0
82.3,1,0,1,1,1,1,0,0,1,1,1,1,1,0,0,1,0,0,0,0,0
24.95,0,0,1,1,1,1,0,1,0,0,0,0,0,0,1,0,0,0,0,1,0
69.25,0,0,1,0,1,0,1,0,0,0,0,0,0,0,0,0,1,0,1,0,1
24.3,1,0,1,1,1,1,0,1,0,0,0,0,0,0,0,1,0,0,0,0,0
68.75,0,0,1,1,1,0,0,0,1,1,1,0,0,1,0,1,0,1,0,0,0
73,1,0,1,0,1,1,0,0,0,0,1,0,1,1,1,0,1,0,1,0,1
76,0,0,0,0,1,1,1,0,0,0,0,0,0,0,0,0,0,0,1,0,1
44.55,1,0,0,1,0,0,0,0,1,0,0,1,0,1,0,1,1,0,0,1,0
92.55,0,0,1,1,1,1,1,0,0,0,1,0,0,1,0,0,1,0,0,0,0
93.85,0,1,0,0,1,1,1,0,0,0,0,0,1,1,0,0,1,0,1,0,1
101.45,1,1,0,0,1,0,1,0,0,1,1,0,1,1,0,0,1,0,0,0,0
100.3,1,0,0,0,1,0,1,0,1,1,0,0,1,1,1,0,1,1,0,0,0
89.55,1,0,1,1,1,1,1,0,0,1,0,0,0,1,0,0,1,0,0,0,0
99.8,0,0,1,0,1,1,1,0,0,1,0,0,1,1,0,0,1,0,1,0,0
101.1,1,0,1,0,1,1,1,0,0,0,1,0,1,1,0,0,1,0,1,0,1
73.85,1,1,0,0,1,0,1,0,0,0,1,0,0,0,0,0,0,0,1,0,0
50.45,1,0,0,0,1,1,0,0,0,0,0,0,0,0,0,0,1,0,1,0,1
24.8,0,0,0,0,1,1,0,1,0,0,0,0,0,0,1,0,0,1,0,0,0
20.75,1,0,0,0,1,0,0,1,0,0,0,0,0,0,0,0,0,0,0,0,0
68.95,1,0,1,0,1,0,0,0,1,1,0,1,1,0,0,0,1,0,0,1,0
49,1,0,0,0,1,1,0,0,0,0,0,0,0,0,0,0,0,0,0,1,0
111.15,1,0,0,1,1,0,1,0,1,1,1,1,1,1,0,1,1,0,1,0,0
98.55,1,0,0,0,1,1,1,0,0,0,0,1,1,1,0,0,1,0,0,1,0
69.5,1,0,0,0,1,1,0,0,1,0,1,0,1,0,0,0,0,0,0,1,0
48.8,1,1,0,0,0,0,0,0,1,0,0,0,1,1,0,0,1,1,0,0,0
106.05,0,0,1,0,1,1,1,0,1,1,1,1,0,1,0,1,1,1,0,0,0
108.3,1,0,1,0,1,1,1,0,0,0,1,1,1,1,1,0,1,0,1,0,0
20.55,1,0,0,0,1,0,0,1,0,0,0,0,0,0,0,0,0,0,1,0,1
85.3,1,0,0,0,1,1,1,0,0,1,1,0,0,0,0,0,1,0,1,0,1
95.9,1,0,1,0,1,1,1,0,1,0,0,1,1,0,0,0,0,1,0,0,0
20,1,0,1,0,1,0,0,1,0,0,0,0,0,0,1,0,0,0,0,1,0
74.6,1,0,1,1,1,0,1,0,0,1,0,0,0,0,0,0,0,1,0,0,0
49.2,1,0,1,1,1,0,0,0,1,0,0,0,0,0,0,0,1,0,1,0,0
19.2,0,0,0,0,1,0,0,1,0,0,0,0,0,0,0,0,0,0,0,1,0
74.4,1,0,1,1,1,1,1,0,0,0,0,0,0,0,0,0,1,1,0,0,1
105.4,0,1,1,0,1,1,1,0,0,1,0,1,1,1,0,1,0,1,0,0,0
106,1,0,1,1,1,1,1,0,1,1,0,0,1,1,1,0,1,0,1,0,1
104.7,1,0,0,0,1,1,1,0,0,1,1,0,1,1,0,0,1,0,1,0,1
49.05,0,0,0,0,0,0,0,0,0,0,1,0,1,1,1,0,1,0,1,0,0
35.55,1,0,0,0,0,0,0,0,0,0,1,1,0,0,1,0,0,0,0,1,0
96.85,0,1,0,0,1,0,1,0,0,0,1,0,1,1,0,0,1,0,1,0,0
69.75,0,0,1,1,1,0,0,0,1,1,0,1,0,1,1,0,1,1,0,0,0
99.2,0,1,1,0,1,0,1,0,0,1,1,0,1,1,0,1,1,0,1,0,0
55.05,0,0,0,0,1,0,0,0,0,1,0,1,0,0,0,0,1,1,0,0,1
57.75,0,0,1,1,1,0,0,0,1,1,0,1,0,0,1,0,1,0,0,1,0
88.2,1,1,0,0,1,1,1,0,0,1,0,0,1,0,0,0,1,0,1,0,1
79.5,1,0,0,0,1,0,1,0,1,0,1,0,0,0,0,0,1,0,0,0,0
98.15,0,0,1,1,1,1,1,0,1,1,1,0,0,1,0,0,0,0,0,0,0
20.25,1,0,0,0,1,0,0,1,0,0,0,0,0,0,0,0,1,0,1,0,0
40.2,0,0,0,0,0,0,0,0,0,0,1,0,0,1,0,0,1,1,0,0,0
19.95,1,0,0,0,1,0,0,1,0,0,0,0,0,0,0,1,0,0,0,1,0
19.25,0,0,1,1,1,0,0,1,0,0,0,0,0,0,0,1,1,0,0,0,0
84.8,0,0,1,1,1,1,1,0,0,0,0,0,1,0,0,0,1,0,1,0,0
19.6,0,0,1,0,1,0,0,1,0,0,0,0,0,0,0,0,1,0,0,1,0
68.85,0,0,0,0,1,0,0,0,1,1,1,0,0,1,0,0,1,0,0,0,1
109.85,0,0,0,0,1,1,1,0,0,1,1,1,1,1,0,0,1,1,0,0,0
90,1,0,1,1,1,0,1,0,0,0,1,1,0,1,0,0,0,1,0,0,1
19.6,1,0,0,0,1,0,0,1,0,0,0,0,0,0,0,0,0,1,0,0,0
100.85,1,0,0,0,1,1,1,0,0,1,0,0,1,1,0,0,0,0,1,0,1
19.85,1,0,0,0,1,0,0,1,0,0,0,0,0,0,0,1,0,0,0,0,0
45.85,1,0,0,0,1,0,0,0,0,0,0,0,0,0,0,0,1,0,0,1,1
80.8,1,1,1,0,1,1,1,0,0,0,1,0,0,0,0,0,1,0,1,0,0
20.35,0,0,0,0,1,0,0,1,0,0,0,0,0,0,0,0,0,0,0,1,0
45.05,1,0,0,1,0,0,0,0,1,0,0,1,1,0,1,0,0,0,0,0,0
34.65,0,0,1,1,0,0,0,0,1,0,0,1,0,0,0,0,0,0,0,1,0
67.8,0,0,1,0,1,0,0,0,0,0,1,0,1,1,0,0,1,1,0,0,0
46.3,0,0,1,1,1,0,0,0,0,0,0,0,0,0,0,0,0,0,1,0,0
45,0,1,0,0,1,0,0,0,0,0,0,0,0,0,0,0,0,0,1,0,1
99.5,1,0,0,0,1,0,1,0,0,1,1,0,1,1,0,0,0,0,1,0,1
53.5,0,1,0,0,0,0,0,0,0,1,1,0,1,1,0,1,1,0,0,0,0
19.35,0,0,1,1,1,0,0,1,0,0,0,0,0,0,0,1,0,0,1,0,0
21.1,1,0,0,0,1,0,0,1,0,0,0,0,0,0,0,0,0,1,0,0,0
19.55,1,0,1,0,1,0,0,1,0,0,0,0,0,0,0,1,0,0,0,0,0
64.65,0,0,0,0,1,1,0,0,1,0,0,0,0,1,0,0,1,0,0,0,1
95.75,1,0,1,1,1,1,1,0,0,1,1,0,1,0,1,0,0,1,0,0,0
104.1,1,1,1,1,1,0,1,0,1,0,1,1,1,1,0,1,1,1,0,0,0
90.95,0,0,1,0,1,1,0,0,1,1,1,1,1,1,0,1,1,0,0,0,0
19.7,1,0,0,0,1,0,0,1,0,0,0,0,0,0,0,0,0,0,0,1,0
50.95,1,0,1,0,0,0,0,0,1,1,0,1,0,1,0,1,1,0,0,0,0
97.2,0,0,0,0,1,1,1,0,0,1,0,0,1,1,0,1,1,0,0,0,0
75.75,0,0,1,0,1,0,1,0,0,0,1,0,0,0,0,0,1,0,0,0,1
70.95,1,0,1,0,1,0,0,0,1,1,1,0,0,1,0,1,0,0,0,0,0
102.6,1,1,1,0,1,1,1,0,0,1,1,0,1,1,0,0,1,0,1,0,0
59,1,0,1,1,0,0,0,0,1,1,1,0,1,1,0,1,0,0,1,0,0
69.95,0,0,0,0,1,0,0,0,0,0,1,0,1,1,1,0,1,0,1,0,0
45.05,1,1,0,0,1,0,0,0,0,0,0,0,0,0,0,0,1,0,1,0,1
87.1,1,0,1,0,1,1,0,0,1,1,1,1,1,1,0,1,1,0,0,0,0
19.85,0,0,1,0,1,0,0,1,0,0,0,0,0,0,0,0,0,0,0,1,0
90.35,1,0,1,0,1,0,1,0,0,0,1,1,0,1,0,0,1,0,1,0,0
84.65,0,1,0,0,1,1,1,0,0,0,0,0,1,0,0,0,1,0,1,0,1
65.5,0,0,1,1,1,1,0,0,1,1,0,1,0,0,1,0,0,0,0,1,0
79.5,1,0,1,1,1,0,1,0,0,0,0,0,1,0,0,0,1,0,0,0,1
79.1,1,1,0,0,1,0,1,0,0,0,0,0,1,0,0,0,1,0,1,0,1
25.6,1,0,0,0,1,1,0,1,0,0,0,0,0,0,0,0,1,0,1,0,0
70.8,1,0,1,1,1,1,0,0,0,1,0,1,0,1,0,1,0,1,0,0,0
25.4,1,0,1,0,1,1,0,1,0,0,0,0,0,0,0,0,0,0,1,0,0
96.05,0,0,0,0,1,1,1,0,0,0,0,0,1,1,0,0,0,0,0,0,1
20.25,0,0,0,0,1,0,0,1,0,0,0,0,0,0,0,1,0,0,0,1,0
113.6,0,0,1,0,1,1,1,0,1,1,1,1,1,1,0,0,1,0,0,0,1
85.25,1,0,1,0,1,1,0,0,1,1,1,0,1,1,0,1,1,0,1,0,0
20.15,0,0,0,0,1,0,0,1,0,0,0,0,0,0,0,1,0,0,0,1,0
58.85,1,0,1,1,0,0,0,0,1,1,1,0,1,1,0,0,0,0,0,1,0
114.45,1,0,1,0,1,1,1,0,1,1,1,1,1,1,0,1,0,1,0,0,0
34.7,0,0,0,0,0,0,0,0,0,0,0,0,1,0,0,0,1,0,1,0,1
70.7,1,0,1,1,1,1,0,0,0,1,0,1,1,0,1,0,1,0,1,0,0
85.3,1,0,0,0,1,1,1,0,0,0,0,0,0,1,0,0,1,0,1,0,1
20.45,1,0,0,0,1,0,0,1,0,0,0,0,0,0,0,1,0,0,0,0,0
35.65,1,0,0,0,0,0,0,0,0,1,0,1,0,0,0,0,1,0,1,0,0
99.75,1,0,0,1,1,1,1,0,0,0,1,0,1,1,0,0,1,0,1,0,1
90.45,0,1,1,0,1,1,1,0,0,1,1,1,0,0,0,0,0,0,1,0,0
74.4,1,0,0,0,1,0,0,0,0,0,1,1,1,1,0,0,1,0,1,0,1
61.35,1,0,1,0,1,1,0,0,0,1,0,1,0,0,0,0,0,0,0,0,0
19.4,0,0,1,1,1,0,0,1,0,0,0,0,0,0,0,1,0,0,0,1,0
19.9,0,0,0,0,1,0,0,1,0,0,0,0,0,0,1,0,0,0,0,0,0
83.8,0,1,0,0,1,0,1,0,0,1,0,0,1,0,0,0,1,0,0,0,0
94.2,0,1,0,0,1,1,1,0,0,0,0,0,1,1,0,0,1,0,1,0,0
59.85,1,0,0,0,1,1,0,0,0,0,0,0,1,0,0,0,1,0,1,0,1
19.05,1,0,0,0,1,0,0,1,0,0,0,0,0,0,0,0,0,0,0,1,0
45.4,1,0,0,0,0,0,0,0,0,0,0,0,1,1,0,0,1,0,1,0,1
44.25,0,0,1,0,1,0,0,0,0,0,0,0,0,0,0,0,1,0,0,1,0
90.55,0,0,1,0,1,1,1,0,0,1,1,1,0,0,1,0,1,0,0,0,0
69.9,1,0,0,0,1,0,1,0,0,0,0,0,0,0,0,0,1,0,1,0,1
71.4,1,0,0,0,1,1,0,0,0,1,1,0,0,1,0,0,1,0,0,0,0
116.45,0,0,0,0,1,1,1,0,1,1,1,1,1,1,0,1,1,0,0,0,0
84.75,0,0,1,1,1,1,1,0,0,0,0,0,0,1,0,0,1,0,0,0,1
20.05,0,0,1,0,1,0,0,1,0,0,0,0,0,0,0,1,0,1,0,0,0
89.7,0,0,0,0,1,0,1,0,0,0,1,1,0,1,0,1,1,0,0,0,0
89.95,1,0,0,0,1,1,1,0,0,0,0,1,1,0,0,0,1,0,1,0,1
48.7,1,0,1,0,1,0,0,0,1,0,0,0,0,0,1,0,0,1,0,0,0
74.3,1,0,0,0,1,0,0,0,1,1,0,0,1,1,1,0,1,1,0,0,0
74.85,0,1,0,0,1,0,0,0,0,0,1,1,1,1,1,0,0,0,0,0,0
19.4,1,0,0,0,1,0,0,1,0,0,0,0,0,0,0,0,0,0,0,1,0
110.65,0,0,1,0,1,1,1,0,1,1,1,0,1,1,1,0,1,1,0,0,0
20.55,0,0,1,1,1,0,0,1,0,0,0,0,0,0,1,0,1,0,0,1,0
58.55,0,0,0,0,1,0,0,0,0,0,1,0,0,1,1,0,0,1,0,0,0
93.25,1,0,1,0,1,1,1,0,0,1,1,0,0,1,0,0,1,0,0,0,0
66.05,0,1,0,0,1,1,0,0,0,0,0,1,0,1,0,0,1,0,1,0,0
84.25,0,0,0,0,1,0,1,0,0,1,1,1,0,0,0,0,1,1,0,0,1
30.4,1,0,1,0,0,0,0,0,0,1,0,0,0,0,0,0,0,0,1,0,0
24.75,1,0,1,1,1,1,0,1,0,0,0,0,0,0,0,1,0,0,0,0,0
19.4,0,0,0,0,1,0,0,1,0,0,0,0,0,0,0,1,0,1,0,0,0
69.7,1,0,0,0,1,0,1,0,0,0,0,0,0,0,0,0,1,0,0,1,0
25.1,1,0,1,1,1,1,0,1,0,0,0,0,0,0,0,1,0,1,0,0,0
79.15,0,0,0,0,1,1,1,0,0,1,0,0,0,0,0,0,1,0,1,0,1
96.65,1,0,1,0,1,0,1,0,0,0,1,0,1,1,1,0,1,0,0,0,0
45.65,0,0,1,0,1,0,0,0,0,0,0,0,0,0,0,0,0,0,0,1,0
73.85,1,0,0,0,1,0,1,0,0,1,0,0,0,0,0,0,1,1,0,0,1
54.2,0,0,0,0,1,1,0,0,0,1,0,0,0,0,0,0,1,0,1,0,0
50.9,0,0,1,1,0,0,0,0,1,0,0,0,1,1,0,0,1,0,0,0,0
25.05,1,0,0,0,1,1,0,1,0,0,0,0,0,0,1,0,0,0,1,0,0
74.85,1,0,0,0,1,1,1,0,0,0,0,0,0,0,0,0,1,0,1,0,0
20.5,1,0,0,1,1,0,0,1,0,0,0,0,0,0,0,1,0,0,0,1,0
44.85,1,1,1,0,0,0,0,0,0,0,0,0,1,1,0,0,1,0,1,0,1
90.05,1,1,0,0,1,1,1,0,0,1,0,0,0,1,0,0,1,0,1,0,0
25.3,0,0,0,0,1,1,0,1,0,0,0,0,0,0,0,1,1,1,0,0,0
19.7,0,0,1,1,1,0,0,1,0,0,0,0,0,0,0,1,0,1,0,0,0
19.3,0,0,0,0,1,0,0,1,0,0,0,0,0,0,1,0,0,0,0,1,0
67.45,0,1,1,0,1,1,0,0,1,1,1,0,0,0,0,0,1,1,0,0,0
35.1,0,0,1,0,0,0,0,0,0,0,0,0,0,1,0,0,1,0,1,0,1
57.15,0,1,0,0,1,0,0,0,1,1,0,0,0,0,0,0,1,1,0,0,1
85.35,1,0,0,0,1,0,1,0,0,1,0,0,0,1,0,0,1,0,1,0,1
25.1,1,0,1,0,1,1,0,1,0,0,0,0,0,0,1,0,0,0,0,1,0
83.75,0,0,0,0,1,0,1,0,0,1,0,0,1,0,0,0,0,0,1,0,1
93.8,0,0,1,1,1,1,1,0,1,1,0,0,0,1,0,0,1,0,1,0,0
114.1,1,0,1,0,1,1,1,0,1,1,1,1,1,1,0,1,1,1,0,0,0
20.75,1,0,0,0,1,0,0,1,0,0,0,0,0,0,0,0,1,1,0,0,0
86,1,0,0,0,1,1,1,0,0,0,0,0,0,1,0,0,1,0,1,0,1
70.3,1,0,1,1,1,0,0,0,1,1,0,1,0,1,0,0,1,1,0,0,0
45.1,0,1,0,0,1,0,0,0,0,0,0,0,0,0,0,0,0,0,0,1,1
69.1,1,0,0,1,1,1,0,0,1,1,0,0,0,1,0,0,1,0,1,0,0
43.95,0,0,1,0,0,0,0,0,0,0,0,0,1,1,0,0,1,0,1,0,0
50.4,1,1,1,0,1,0,0,0,0,1,0,0,0,0,0,0,1,0,0,0,1
92,1,0,0,0,1,0,1,0,0,0,0,0,1,1,0,0,1,0,1,0,0
78.5,0,0,0,0,1,0,0,0,1,1,0,1,1,1,0,0,1,0,1,0,0
54.95,1,0,0,0,1,0,0,0,1,0,0,1,0,0,0,0,0,0,1,0,0
20.45,1,0,1,0,1,0,0,1,0,0,0,0,0,0,0,0,1,0,0,0,0
60.35,1,0,1,1,1,1,0,0,0,0,0,0,1,0,0,0,0,0,1,0,0
81.05,1,0,1,1,1,0,1,0,0,0,0,0,0,1,0,0,1,0,1,0,0
19.55,0,0,1,1,1,0,0,1,0,0,0,0,0,0,0,1,0,0,0,1,0
21.05,1,0,0,1,1,0,0,1,0,0,0,0,0,0,0,0,1,0,0,1,0
20.5,0,0,1,1,1,0,0,1,0,0,0,0,0,0,0,1,0,0,0,0,0
80.75,0,0,0,0,1,0,1,0,0,0,0,0,0,1,0,0,0,0,1,0,1
50.2,1,0,1,0,1,0,0,0,0,0,1,0,0,0,0,0,0,1,0,0,0
53.1,0,0,1,0,1,1,0,0,1,0,0,0,0,0,0,0,0,0,1,0,0
88.6,0,0,1,1,1,1,1,0,0,1,1,1,0,0,0,0,0,1,0,0,0
100.3,0,0,0,0,1,0,1,0,0,1,1,0,1,1,1,0,1,0,0,1,0
19.35,0,0,0,0,1,0,0,1,0,0,0,0,0,0,1,0,1,1,0,0,0
74.95,1,0,1,0,1,1,1,0,0,0,0,0,0,0,0,0,1,0,1,0,1
69.75,0,0,0,0,1,0,0,0,0,1,1,1,1,0,0,1,0,0,0,1,0
95.25,1,0,0,0,1,1,1,0,0,1,1,0,0,1,0,0,1,0,1,0,0
83.55,0,0,0,0,1,0,1,0,0,1,0,0,1,0,0,0,1,0,1,0,0
69.95,0,1,0,0,1,0,1,0,0,0,0,0,0,0,0,0,1,0,1,0,1
105.65,0,0,1,1,1,1,1,0,0,0,1,1,1,1,0,1,1,0,0,0,0
75.9,1,0,0,0,1,1,1,0,0,0,0,0,0,0,0,0,1,0,0,0,1
61.8,1,0,1,1,1,0,0,0,0,1,1,1,0,0,0,0,0,0,0,0,0
86.45,0,0,0,0,1,1,1,0,0,0,0,0,0,1,0,0,0,0,1,0,1
75.4,1,0,1,0,1,0,0,0,1,1,0,0,1,1,1,0,1,0,0,1,0
86.25,0,0,0,0,1,0,1,0,0,1,0,0,0,1,0,0,1,0,1,0,0
90.6,1,0,1,0,1,0,1,0,1,1,0,0,0,1,1,0,1,1,0,0,1
63.95,0,0,0,1,1,0,0,0,1,1,0,0,0,1,0,0,1,0,1,0,0
70.6,0,1,0,0,1,0,1,0,0,0,0,0,0,0,0,0,1,0,0,1,0
90.8,0,0,1,1,1,0,1,0,0,0,0,0,1,1,0,0,1,0,1,0,1
79.35,1,0,0,0,1,1,1,0,0,1,0,0,0,0,0,0,1,0,1,0,1
69.65,1,1,0,0,1,0,1,0,0,0,0,0,0,0,0,0,0,0,1,0,0
19.5,1,0,0,0,1,0,0,1,0,0,0,0,0,0,1,0,0,0,0,1,0
110.5,0,0,0,0,1,1,1,0,0,1,1,1,1,1,0,1,1,0,0,0,0
24.7,0,0,0,1,0,0,0,0,0,0,0,0,0,0,0,0,0,0,0,1,0
103.85,0,0,0,0,1,1,1,0,0,0,1,1,1,1,0,0,1,0,1,0,0
49.4,0,0,0,0,1,1,0,0,0,0,0,0,0,0,0,0,1,0,1,0,1
79.2,0,0,1,0,1,1,0,0,1,0,0,1,1,1,0,0,1,0,1,0,1
86.65,1,0,0,0,1,1,0,0,1,1,1,1,1,1,0,1,0,0,0,0,0
48.7,1,0,1,1,1,0,0,0,0,0,1,0,0,0,0,0,0,0,1,0,1
76.4,1,0,1,1,1,0,0,0,1,0,0,1,1,1,1,0,1,0,0,0,0
100.75,1,0,0,0,1,1,1,0,1,1,0,1,1,0,0,0,0,0,0,1,0
95.6,0,0,0,0,1,0,1,0,1,0,0,0,1,1,0,0,1,0,1,0,1
94.1,0,0,1,1,1,1,1,0,0,1,0,1,1,0,0,1,0,1,0,0,0
101.05,1,1,0,0,1,1,1,0,0,0,1,0,1,1,0,0,1,0,1,0,0
55.85,1,0,1,1,1,0,0,0,1,1,0,0,0,0,1,0,1,0,0,1,0
24.7,1,0,0,1,1,1,0,1,0,0,0,0,0,0,0,0,0,0,0,1,0
33.65,0,0,0,0,0,0,0,0,1,1,0,0,0,0,0,0,1,0,1,0,1
79.95,1,0,0,0,1,0,1,0,0,0,0,0,1,0,0,0,1,0,1,0,1
19.3,0,0,0,0,1,0,0,1,0,0,0,0,0,0,0,0,0,0,1,0,1
70.2,1,1,1,0,1,0,1,0,0,0,0,0,0,0,0,0,1,0,1,0,0
75.25,0,0,0,0,1,1,1,0,0,0,0,0,0,0,0,0,0,0,1,0,1
44.95,0,0,0,0,1,0,0,0,0,0,0,0,0,0,0,0,0,0,0,0,0
26.1,1,0,0,0,1,1,0,1,0,0,0,0,0,0,0,1,0,0,0,0,0
20.2,0,0,0,0,1,0,0,1,0,0,0,0,0,0,0,0,0,0,1,0,0
54.35,1,0,0,0,1,1,0,0,0,0,1,0,0,0,0,0,0,0,1,0,1
80.15,0,0,1,1,1,0,1,0,0,0,0,0,0,1,0,0,1,0,1,0,0
20.2,1,0,1,1,1,0,0,1,0,0,0,0,0,0,1,0,1,0,0,0,0
21,0,0,1,1,1,0,0,1,0,0,0,0,0,0,0,1,0,0,0,1,0
24.95,1,0,1,0,0,0,0,0,0,0,0,0,0,0,0,0,1,0,1,0,1
44.45,1,0,0,0,1,0,0,0,0,0,0,0,0,0,0,0,0,0,0,1,0
75.3,1,0,0,0,1,1,1,0,0,0,0,0,0,0,0,0,1,0,1,0,1
25.4,1,0,1,1,1,1,0,1,0,0,0,0,0,0,0,1,1,0,0,0,0
69.95,0,0,1,1,1,0,0,0,1,0,1,1,0,1,0,1,0,0,0,0,0
86.15,0,0,1,1,1,1,1,0,0,0,0,0,0,1,0,0,0,1,0,0,1
101.1,0,0,0,0,1,1,1,0,0,0,1,0,1,1,1,0,1,0,1,0,0
24.15,1,0,0,0,1,1,0,1,0,0,0,0,0,0,0,1,1,0,0,0,0
106.8,1,0,1,0,1,1,1,0,0,1,1,0,1,1,1,0,1,0,0,0,0
83.7,0,0,1,1,1,0,0,0,1,1,1,1,1,1,0,1,1,0,0,0,0
98.5,1,1,1,0,1,1,1,0,0,0,1,0,1,1,0,0,1,0,1,0,1
20.2,0,0,0,0,1,0,0,1,0,0,0,0,0,0,1,0,0,0,0,1,0
95.25,1,1,1,0,1,1,1,0,0,0,0,0,1,1,0,0,1,0,1,0,1
74.4,1,1,1,0,1,1,1,0,0,0,0,0,0,0,0,0,1,0,0,1,1
20.25,0,0,0,0,1,0,0,1,0,0,0,0,0,0,1,0,0,1,0,0,0
102.65,1,1,1,0,1,1,1,0,1,1,1,0,0,1,0,1,1,1,0,0,0
19.55,0,0,0,0,1,0,0,1,0,0,0,0,0,0,1,0,0,0,1,0,0
95.5,1,1,1,0,1,0,1,0,0,1,1,1,0,1,0,1,1,1,0,0,0
88.55,0,1,0,0,1,1,1,0,0,0,1,0,0,1,0,0,1,0,1,0,1
19.95,1,0,1,1,1,0,0,1,0,0,0,0,0,0,0,1,0,1,0,0,0
116.25,1,0,1,0,1,1,1,0,1,1,1,1,1,1,0,1,1,0,1,0,0
24.45,1,0,1,1,1,1,0,1,0,0,0,0,0,0,0,1,0,0,0,0,0
21.2,1,0,0,1,1,0,0,1,0,0,0,0,0,0,1,0,1,0,0,1,0
79.5,1,0,0,0,1,0,1,0,0,0,0,0,1,0,0,0,1,0,1,0,1
25.55,0,0,1,0,1,1,0,1,0,0,0,0,0,0,1,0,0,0,0,1,0
58.2,0,0,0,0,1,0,0,0,0,1,0,0,1,0,1,0,0,0,1,0,0
85.85,0,0,0,0,1,0,0,0,1,1,1,1,1,1,1,0,0,0,0,0,0
70.1,1,1,1,0,1,0,1,0,0,0,0,0,0,0,0,0,1,0,0,1,1
86.25,0,0,1,0,1,0,1,0,0,0,1,0,1,0,0,0,1,0,1,0,1
101.15,1,0,1,1,1,1,1,0,0,0,1,0,1,1,0,0,1,1,0,0,0
76.45,1,1,1,0,1,0,1,0,0,1,0,0,0,0,0,0,1,0,1,0,1
104.45,0,1,1,0,1,1,1,0,0,1,0,1,1,1,0,1,1,0,0,0,0
20.35,1,0,1,1,1,0,0,1,0,0,0,0,0,0,0,1,0,0,0,1,0
70,1,0,0,0,1,0,1,0,0,0,0,0,0,0,0,0,1,0,1,0,1
71.45,1,1,0,0,1,0,1,0,0,0,0,0,0,0,0,0,1,0,0,1,0
35.7,0,0,1,1,0,0,0,0,1,0,0,1,0,0,0,1,0,1,0,0,0
100.8,0,1,1,0,1,1,1,0,0,1,0,0,1,1,0,0,1,0,1,0,0
64.4,0,0,0,0,1,1,0,0,1,1,0,1,0,0,1,0,1,0,0,1,1
105.35,0,0,1,0,1,1,1,0,0,0,1,1,1,1,0,1,0,0,0,0,0
19.65,0,0,0,0,1,0,0,1,0,0,0,0,0,0,0,1,0,1,0,0,0
20.1,0,0,0,0,1,0,0,1,0,0,0,0,0,0,1,0,0,1,0,0,0
69.35,1,0,0,0,1,0,0,0,0,0,1,0,1,1,0,0,1,0,1,0,0
74.4,1,1,1,0,1,0,0,0,1,1,1,1,1,0,0,1,0,0,0,0,0
20.85,0,0,0,0,1,0,0,1,0,0,0,0,0,0,0,1,0,0,0,1,0
52.15,0,0,1,0,1,1,0,0,0,0,0,0,0,0,0,0,1,1,0,0,0
113.65,0,0,1,0,1,1,1,0,1,1,1,1,1,1,0,1,1,1,0,0,0
99.85,1,0,1,1,1,0,1,0,1,0,0,1,1,1,0,0,1,0,1,0,1
74.5,1,0,1,1,1,1,1,0,0,0,0,0,0,0,0,0,1,0,1,0,1
104.15,0,1,1,0,1,1,1,0,0,0,1,1,1,1,0,0,0,0,1,0,0
65.2,0,0,0,0,1,1,0,0,0,0,1,0,0,1,0,0,1,1,0,0,1
85.65,0,0,0,0,1,1,1,0,0,0,0,0,1,0,0,0,1,0,1,0,1
106.7,1,0,0,0,1,1,1,0,0,1,1,0,1,1,0,0,1,0,1,0,1
110.35,0,0,1,0,1,1,1,0,0,1,1,1,1,1,1,0,0,0,1,0,1
55.5,0,0,0,0,1,0,0,0,1,1,0,0,0,0,0,1,0,1,0,0,0
90.25,0,0,1,0,1,1,1,0,0,0,0,1,0,1,0,0,1,0,1,0,0
100.9,1,0,1,0,1,0,1,0,1,1,0,0,1,1,1,0,1,1,0,0,0
104.65,1,0,1,1,1,0,1,0,1,1,1,0,1,1,1,0,1,0,0,0,0
73.45,1,0,1,1,1,1,0,0,0,0,0,1,1,1,1,0,1,0,0,0,0
65.2,0,0,1,1,1,1,0,0,1,1,0,1,0,0,0,0,0,0,0,0,0
85.05,1,1,1,0,1,1,1,0,0,0,0,0,1,0,0,0,1,1,0,0,0
104.75,0,1,0,0,1,1,1,0,0,1,1,0,1,1,1,0,1,0,0,0,1
19.95,1,0,1,1,1,0,0,1,0,0,0,0,0,0,0,1,0,0,0,0,0
94.25,0,1,0,0,1,1,1,0,0,0,0,0,1,1,0,0,1,0,1,0,1
106.4,0,0,0,0,1,1,1,0,1,0,0,1,1,1,0,0,0,0,0,0,0
46.1,0,0,1,0,1,0,0,0,0,0,0,0,0,0,0,0,1,0,0,1,0
84,0,0,0,0,1,1,1,0,0,0,0,0,1,0,0,0,1,0,1,0,0
67.4,0,0,0,0,1,0,0,0,1,1,1,1,0,0,0,1,0,0,0,0,0
80.35,1,0,0,0,1,0,1,0,0,0,0,0,0,1,0,0,1,0,1,0,0
45.95,0,0,0,1,1,0,0,0,0,0,0,0,0,0,0,0,0,0,0,1,1
44.75,1,0,0,0,1,0,0,0,0,0,0,0,0,0,0,0,1,0,1,0,0
117.15,0,0,1,0,1,1,1,0,1,1,1,1,1,1,0,1,1,1,0,0,0
112.55,1,0,1,0,1,1,1,0,1,1,1,1,1,1,0,1,1,0,0,0,0
61.25,1,0,0,0,1,0,0,0,0,1,0,0,1,0,1,0,1,0,1,0,0
106.35,1,1,1,0,1,1,1,0,0,1,1,0,1,1,0,0,0,0,0,0,1
39.5,0,0,0,0,0,0,0,0,1,1,0,1,0,0,1,0,0,1,0,0,0
91.05,1,1,1,0,1,1,1,0,0,0,1,0,0,1,0,0,1,1,0,0,0
105.3,1,0,0,0,1,1,1,0,0,1,1,0,1,1,0,0,0,0,1,0,0
85.45,1,0,1,1,1,1,0,0,1,0,1,1,1,1,1,0,0,0,1,0,0
79.05,1,0,0,0,1,1,1,0,0,1,0,0,0,0,1,0,1,1,0,0,0
90.7,0,1,1,0,1,1,1,0,0,0,1,0,1,0,1,0,1,0,1,0,0
49.85,0,0,1,0,0,0,0,0,0,0,1,0,1,1,0,0,1,0,0,0,0
93,0,0,0,1,1,0,1,0,1,0,1,1,0,1,0,0,0,0,0,0,0
84.8,0,0,1,0,1,0,0,0,1,1,1,1,1,1,1,0,1,0,0,0,0
94.45,0,0,1,1,1,1,1,0,1,1,0,0,1,0,1,0,1,1,0,0,0
20.85,0,0,1,1,1,0,0,1,0,0,0,0,0,0,0,1,0,0,0,1,0
80.45,0,0,1,0,1,1,1,0,0,1,0,0,0,0,0,0,0,0,1,0,0
20.2,0,0,1,0,1,0,0,1,0,0,0,0,0,0,1,0,1,0,0,0,0
39.9,1,0,0,0,0,0,0,0,0,0,1,0,0,1,0,0,1,0,0,0,0
35.9,1,0,0,0,0,0,0,0,0,0,0,0,0,1,0,0,0,0,1,0,1
82.95,1,1,1,0,1,0,1,0,1,1,1,0,0,0,1,0,1,1,0,0,0
55.65,1,0,0,0,1,0,0,0,1,0,1,0,0,0,0,1,1,0,0,1,0
50.8,1,0,0,0,0,0,0,0,1,0,1,1,0,1,1,0,0,0,0,1,0
19.9,1,0,1,1,1,0,0,1,0,0,0,0,0,0,1,0,0,0,0,0,0
74.4,0,0,1,1,1,0,1,0,1,0,0,0,0,0,0,0,0,0,0,1,0
110.45,0,0,1,1,1,1,1,0,1,0,1,1,1,1,0,1,1,0,0,0,0
74.45,0,1,0,0,1,1,1,0,0,0,0,0,0,0,0,0,1,0,1,0,0
24.55,0,0,0,0,1,1,0,1,0,0,0,0,0,0,0,1,0,0,1,0,0
89.35,0,0,0,0,1,0,1,0,0,1,0,1,0,1,0,0,1,0,1,0,1
70.45,1,0,0,1,1,0,0,0,1,1,0,1,0,1,0,0,1,0,0,0,0
84.7,1,0,1,0,1,0,0,0,1,1,1,1,1,1,0,1,1,0,0,1,0
44.55,1,0,0,0,1,0,0,0,0,0,0,0,0,0,0,0,0,0,0,1,0
45,0,0,1,0,1,0,0,0,0,0,0,0,0,0,0,0,1,0,1,0,0
20.5,1,0,1,1,1,0,0,1,0,0,0,0,0,0,0,0,0,0,0,1,0
78.45,0,0,1,1,1,1,0,0,1,1,1,1,0,1,1,0,1,0,1,0,0
100.55,1,0,0,1,1,1,1,0,0,0,0,1,1,1,0,1,0,0,0,1,0
90.75,0,0,1,0,1,1,1,0,0,1,0,0,0,1,0,0,1,0,1,0,0
75.35,1,0,0,0,1,1,1,0,0,0,0,0,0,0,0,0,0,1,0,0,1
20.25,0,0,1,0,1,0,0,1,0,0,0,0,0,0,1,0,1,1,0,0,0
20.05,1,0,0,0,1,0,0,1,0,0,0,0,0,0,0,1,0,1,0,0,0
75.5,1,0,1,1,1,0,0,0,1,0,0,1,1,1,1,0,0,0,1,0,0
26.05,0,0,0,0,1,1,0,1,0,0,0,0,0,0,1,0,0,1,0,0,0
24.5,1,0,1,0,1,1,0,1,0,0,0,0,0,0,0,1,1,0,1,0,0
110.5,0,0,0,0,1,1,1,0,0,1,1,1,1,1,0,1,1,1,0,0,0
89.7,0,1,0,0,1,1,1,0,0,1,0,0,0,1,0,0,1,0,1,0,1
84.75,0,0,1,1,1,0,0,0,1,1,1,1,1,1,0,1,0,0,0,1,0
78.75,1,0,1,1,1,1,0,0,0,0,1,1,1,1,1,0,1,0,0,1,0
97.75,1,0,1,1,1,1,1,0,1,1,0,1,0,1,0,1,1,1,0,0,0
62.7,1,1,0,0,1,0,0,0,1,0,1,0,0,1,1,0,0,1,0,0,1
100.4,0,0,0,0,1,0,1,0,0,0,1,1,1,1,0,0,1,0,1,0,0
107.2,1,0,1,0,1,1,1,0,1,1,1,1,0,1,1,0,1,1,0,0,0
113.4,1,0,0,0,1,1,1,0,1,1,1,1,1,1,0,1,0,0,0,0,0
40.55,1,0,1,1,0,0,0,0,0,0,0,1,1,0,0,1,1,0,1,0,0
26,0,0,1,1,1,1,0,1,0,0,0,0,0,0,0,1,0,1,0,0,0
111.95,0,0,0,0,1,1,1,0,1,1,1,1,1,1,0,1,1,1,0,0,0
72.1,1,0,0,1,1,0,0,0,0,0,0,1,1,1,1,0,1,0,0,1,0
98.15,1,0,0,0,1,1,1,0,1,0,0,0,1,1,0,0,0,0,0,1,1
70.75,0,0,1,1,1,0,0,0,1,0,1,1,1,0,1,0,1,0,0,0,0
39.1,0,0,0,0,0,0,0,0,1,1,0,1,0,0,0,1,0,0,0,1,0
50,0,0,0,0,1,0,0,0,0,0,1,0,0,0,0,0,1,0,0,1,0
99,0,0,1,1,1,1,1,0,1,1,1,0,1,0,0,1,1,1,0,0,0
25,0,0,1,1,1,1,0,1,0,0,0,0,0,0,0,1,1,0,0,0,0
24.85,0,0,1,0,1,1,0,1,0,0,0,0,0,0,0,1,0,1,0,0,0
20.15,1,0,0,0,1,0,0,1,0,0,0,0,0,0,0,1,0,1,0,0,0
101.3,0,1,0,1,1,1,1,0,0,0,0,1,1,1,0,0,1,0,1,0,0
105.3,0,0,0,1,1,1,1,0,0,1,1,0,1,1,0,0,1,0,1,0,0
19.6,0,0,1,1,1,0,0,1,0,0,0,0,0,0,0,0,0,0,0,1,0
20.05,1,0,0,1,1,0,0,1,0,0,0,0,0,0,1,0,0,1,0,0,0
100.6,0,0,1,1,1,1,1,0,0,1,0,0,1,1,0,0,1,0,1,0,0
80.45,0,0,1,0,1,1,0,0,0,0,1,1,1,1,0,1,1,0,0,0,0
109.6,1,0,1,0,1,1,1,0,1,1,1,0,1,1,1,0,1,0,1,0,0
75.15,0,0,0,0,1,0,1,0,0,0,1,0,0,0,0,0,1,0,1,0,0
114.9,0,0,0,0,1,1,1,0,1,1,1,1,1,1,0,1,1,0,1,0,0
30.1,0,0,0,1,0,0,0,0,0,0,1,0,0,0,0,0,0,1,0,0,1
91.35,0,0,0,0,1,1,0,0,1,1,1,1,1,1,0,1,1,0,0,0,0
110.45,0,1,0,0,1,1,1,0,0,1,1,1,1,1,0,0,1,0,1,0,1
68.35,1,0,0,0,1,0,0,0,1,0,1,1,1,0,0,0,1,0,1,0,0
66.7,1,0,1,1,1,1,0,0,0,1,1,1,0,0,0,0,1,0,0,1,0
99.25,1,1,1,0,1,1,1,0,0,0,1,0,1,1,0,0,1,0,1,0,1
113,0,1,1,0,1,1,1,0,1,1,1,1,1,1,0,1,1,1,0,0,0
59.9,0,1,0,0,1,0,0,0,1,1,0,1,0,0,0,0,0,1,0,0,0
33.5,1,0,0,0,0,0,0,0,0,1,1,0,0,0,0,0,1,1,0,0,1
19.8,0,0,0,0,1,0,0,1,0,0,0,0,0,0,0,0,0,1,0,0,0
81.8,1,0,0,0,1,0,0,0,0,1,1,1,1,1,0,1,1,1,0,0,0
84.35,0,0,0,0,1,1,1,0,1,0,1,0,0,0,0,0,1,1,0,0,0
90.35,1,0,0,0,1,0,1,0,0,0,0,0,1,1,0,0,1,0,1,0,1
55.55,1,0,0,0,1,0,0,0,0,0,0,0,0,1,0,0,0,0,0,1,0
66.1,0,0,0,0,1,1,0,0,1,0,0,0,0,1,0,0,1,0,1,0,0
49.25,1,0,0,0,0,0,0,0,0,0,1,0,1,1,0,0,1,0,1,0,1
20.1,1,0,0,0,1,0,0,1,0,0,0,0,0,0,1,0,0,0,0,0,0
70.05,0,0,0,0,1,0,1,0,0,0,0,0,0,0,0,0,1,1,0,0,1
50.4,1,0,0,0,1,1,0,0,0,0,0,0,0,0,0,0,0,0,0,1,1
79.65,0,0,0,0,1,1,1,0,1,0,0,0,0,0,0,0,1,0,0,1,1
100.65,0,0,1,0,1,1,1,0,1,1,1,0,1,0,0,1,0,0,0,0,0
91,1,0,0,0,1,0,1,0,0,0,1,1,0,1,0,0,0,0,1,0,0
116.75,0,1,1,0,1,1,1,0,1,1,1,1,1,1,0,1,1,1,0,0,0
81.4,1,0,1,0,1,1,0,0,1,1,1,1,0,1,1,0,1,1,0,0,0
87.95,0,0,1,0,1,1,0,0,1,1,1,1,1,1,0,1,0,0,0,0,0
96.35,0,1,0,0,1,1,1,0,0,1,0,1,1,0,0,0,1,0,1,0,0
19.1,0,0,1,1,1,0,0,1,0,0,0,0,0,0,1,0,0,1,0,0,0
25.65,0,0,1,0,1,1,0,1,0,0,0,0,0,0,0,1,0,0,0,0,0
76.4,1,0,1,0,1,0,1,0,0,0,1,0,0,0,0,0,0,0,1,0,1
98.7,1,0,0,0,1,0,1,0,0,0,1,1,1,1,0,0,1,0,1,0,1
100.8,0,1,0,0,1,1,1,0,1,0,0,0,1,1,0,0,1,0,1,0,1
20.4,0,0,1,0,1,0,0,1,0,0,0,0,0,0,1,0,0,1,0,0,0
25.25,1,0,0,0,1,1,0,1,0,0,0,0,0,0,0,0,1,0,0,0,0
51.55,1,0,0,0,1,1,0,0,0,0,0,0,0,0,0,0,0,0,1,0,1
20.5,1,0,0,0,1,0,0,1,0,0,0,0,0,0,0,0,0,1,0,0,0
19.95,1,0,1,1,1,0,0,1,0,0,0,0,0,0,1,0,0,0,0,0,0
24.5,0,0,0,0,0,0,0,0,0,0,0,0,0,0,0,0,0,0,1,0,0
20.6,1,0,0,1,1,0,0,1,0,0,0,0,0,0,0,1,0,0,0,1,0
108.25,0,0,0,0,1,1,1,0,1,1,1,0,1,1,0,0,0,1,0,0,0
20.4,0,0,0,1,1,0,0,1,0,0,0,0,0,0,0,0,0,1,0,0,0
20.25,1,0,0,0,1,0,0,1,0,0,0,0,0,0,0,0,0,0,0,1,0
104.65,1,0,0,0,1,1,1,0,0,0,1,1,1,1,1,0,1,1,0,0,0
101.15,0,0,1,0,1,1,1,0,0,0,0,1,1,1,1,0,0,0,0,0,0
99,0,0,1,0,1,0,1,0,0,0,1,1,1,1,0,1,1,1,0,0,0
86.05,1,1,1,0,1,1,1,0,0,0,0,0,1,0,0,0,1,0,1,0,1
19.45,1,0,0,0,1,0,0,1,0,0,0,0,0,0,1,0,1,0,0,1,0
84.45,0,0,1,1,1,1,1,0,1,0,1,0,0,0,1,0,0,0,0,0,0
20.25,1,0,0,0,1,0,0,1,0,0,0,0,0,0,0,0,0,0,0,1,0
115,0,0,1,0,1,1,1,0,1,1,1,1,1,1,1,0,1,0,1,0,0
19.7,0,0,0,0,1,0,0,1,0,0,0,0,0,0,1,0,0,0,0,1,0
60.05,1,1,1,0,1,1,0,0,1,0,0,1,0,0,1,0,1,0,1,0,1
74.3,1,1,1,0,1,0,1,0,0,1,0,0,0,0,0,0,1,1,0,0,1
44.4,1,1,0,0,0,0,0,0,0,1,0,1,0,1,0,0,1,0,1,0,0
94.1,0,0,1,0,1,1,1,0,1,1,0,0,0,1,0,0,1,0,1,0,0
98.1,0,0,0,1,1,0,1,0,0,0,1,1,1,1,0,0,1,0,0,0,1
56.2,1,0,0,1,1,0,0,0,1,1,0,0,0,0,1,0,0,0,0,1,0
85.45,1,0,0,1,1,1,1,0,1,1,0,0,0,0,1,0,1,1,0,0,0
88.95,0,0,0,0,1,1,1,0,0,0,1,0,1,0,0,0,1,1,0,0,0
56.05,0,0,0,0,1,0,0,0,1,1,0,0,0,0,0,0,0,0,1,0,0
19.1,1,0,0,1,1,0,0,1,0,0,0,0,0,0,1,0,0,0,0,0,0
24.1,1,0,1,0,0,0,0,0,0,0,0,0,0,0,1,0,0,0,0,0,1
19.45,1,0,0,1,1,0,0,1,0,0,0,0,0,0,1,0,0,0,0,1,0
36.65,1,1,0,0,0,0,0,0,0,1,1,0,0,0,0,0,0,0,1,0,0
103.9,0,1,1,1,1,1,1,0,0,0,1,1,1,1,1,0,1,0,0,0,0
104.05,1,0,1,0,1,1,1,0,0,1,0,1,1,1,1,0,1,0,1,0,1
24.55,1,0,0,0,1,1,0,1,0,0,0,0,0,0,0,1,0,0,0,1,0
48.7,0,0,1,1,0,0,0,0,1,1,0,1,1,0,0,1,0,0,0,0,0
20.65,0,0,1,0,1,0,0,1,0,0,0,0,0,0,0,1,0,1,0,0,0
55.2,0,0,0,0,1,0,0,0,1,1,0,0,0,0,0,0,0,0,1,0,0
79.9,0,0,1,1,1,1,0,0,1,1,1,1,0,1,0,0,0,1,0,0,1
20.45,1,0,1,0,1,0,0,1,0,0,0,0,0,0,0,1,1,0,0,0,0
43.8,0,0,1,0,1,0,0,0,0,0,0,0,0,0,1,0,0,0,1,0,0
61.15,0,0,0,0,1,0,0,0,1,1,1,0,0,0,0,1,1,0,0,0,0
98.7,1,0,0,0,1,1,1,0,0,1,0,0,1,1,0,0,0,0,1,0,0
20,0,0,0,0,1,0,0,1,0,0,0,0,0,0,0,1,0,0,0,1,0
19.3,0,0,1,1,1,0,0,1,0,0,0,0,0,0,0,1,0,0,0,0,0
48.25,0,0,0,0,0,0,0,0,1,0,1,1,0,1,0,0,0,0,0,1,0
19.85,0,0,1,1,1,0,0,1,0,0,0,0,0,0,0,1,0,0,0,1,0
94.2,0,0,0,0,1,0,1,0,0,1,1,1,0,1,0,0,1,0,1,0,0
62.15,0,0,1,0,1,0,0,0,1,0,0,0,0,1,0,0,1,0,0,1,0
99,1,1,1,0,1,1,1,0,0,0,0,1,1,1,0,0,1,0,1,0,0
70.35,1,0,1,1,1,1,0,0,1,0,1,0,1,0,1,0,1,0,0,0,0
63.8,0,0,1,1,1,0,0,0,0,1,0,1,0,1,0,1,0,0,0,0,0
88.55,1,1,1,0,1,1,0,0,1,1,1,1,1,1,0,1,1,1,0,0,0
101.4,1,1,0,0,1,1,1,0,0,0,1,0,1,1,0,0,1,1,0,0,0
109.25,0,0,1,1,1,1,1,0,1,1,1,0,1,1,0,1,0,0,0,0,0
20.45,0,0,0,0,1,0,0,1,0,0,0,0,0,0,1,0,0,1,0,0,0
19.45,0,0,1,0,1,0,0,1,0,0,0,0,0,0,0,1,0,1,0,0,0
85.1,1,0,1,0,1,1,1,0,0,0,0,0,0,1,0,0,1,0,1,0,1
102.95,1,1,1,0,1,1,1,0,0,1,1,0,1,1,0,0,1,0,1,0,1
64.9,0,0,0,0,1,0,0,0,0,0,0,0,1,1,0,0,1,0,1,0,0
116.1,1,1,0,0,1,1,1,0,1,1,1,1,1,1,0,1,1,1,0,0,0
104.95,0,0,0,0,1,0,1,0,1,0,1,1,1,1,0,0,1,0,0,0,0
50,1,0,1,1,0,0,0,0,1,1,1,0,1,0,1,0,0,0,0,1,0
79.7,0,0,0,0,1,0,1,0,0,0,0,0,0,1,0,0,1,0,1,0,1
19.95,1,0,0,0,1,0,0,1,0,0,0,0,0,0,1,0,1,0,1,0,0
69.25,0,1,1,1,1,0,1,0,0,0,0,0,0,0,0,0,1,0,1,0,1
74.1,0,1,0,0,1,0,1,0,1,0,0,0,0,0,0,0,1,0,1,0,0
70.95,1,0,0,0,1,0,1,0,0,0,0,0,0,0,0,0,0,0,0,1,1
48.8,0,0,1,1,1,0,0,0,0,0,0,1,0,0,0,0,1,0,0,1,0
55.45,0,0,0,0,1,0,0,0,0,1,0,1,0,0,1,0,0,0,1,0,0
93.5,1,1,1,0,1,1,1,0,0,1,1,0,0,1,0,0,1,0,1,0,0
64.85,1,0,0,0,1,0,0,0,0,0,0,0,1,1,1,0,1,0,0,0,0
44.45,1,0,0,0,0,0,0,0,1,0,0,1,0,1,0,0,1,1,0,0,0
19.95,1,0,1,1,1,0,0,1,0,0,0,0,0,0,0,1,1,0,0,0,0
49.65,1,0,1,0,0,0,0,0,0,1,0,0,1,1,0,1,0,1,0,0,0
92.35,0,0,1,0,1,0,1,0,1,0,0,0,1,1,0,0,1,0,0,1,1
116,0,0,1,0,1,1,1,0,1,1,1,1,1,1,0,1,1,0,1,0,0
69.9,1,0,0,0,1,0,1,0,0,0,0,0,0,0,0,0,1,0,1,0,0
19.4,0,0,1,1,1,0,0,1,0,0,0,0,0,0,0,0,0,0,0,0,0
97.95,1,0,1,0,1,1,1,0,1,1,1,0,1,0,0,1,1,1,0,0,0
75.6,1,0,0,0,1,0,1,0,1,0,0,0,0,0,0,0,0,0,1,0,0
20.25,0,0,1,1,1,0,0,1,0,0,0,0,0,0,0,0,1,1,0,0,0
93.85,1,0,0,0,1,1,1,0,0,0,0,0,1,1,0,0,1,0,1,0,1
80.3,0,0,0,0,1,1,1,0,0,1,0,0,0,0,0,0,1,0,0,1,0
100.75,1,0,0,0,1,1,1,0,1,0,0,0,1,1,0,0,1,0,1,0,1
31,0,0,1,1,0,0,0,0,0,0,0,1,0,0,0,0,1,0,0,1,1
46.35,0,1,0,0,0,0,0,0,0,0,0,0,1,1,0,0,1,0,1,0,0
70.25,1,1,0,0,1,0,1,0,0,0,0,0,0,0,0,0,1,0,0,1,1
24.1,1,0,0,1,1,1,0,1,0,0,0,0,0,0,0,0,1,1,0,0,0
85.95,1,0,0,0,1,0,1,0,0,1,1,1,0,0,0,0,1,0,1,0,0
25.45,0,0,0,0,1,1,0,1,0,0,0,0,0,0,0,1,0,1,0,0,0
113.2,0,0,0,0,1,1,1,0,1,1,1,1,1,1,0,1,1,0,0,1,0
69.05,0,0,1,1,1,0,1,0,0,0,0,0,0,0,0,1,1,1,0,0,0
34,1,0,0,0,0,0,0,0,0,1,0,1,0,0,0,0,0,0,0,1,0
38.6,1,0,1,0,0,0,0,0,1,1,0,1,0,0,0,1,1,1,0,0,0
60.6,0,0,0,0,1,1,0,0,1,0,1,0,0,0,0,0,1,0,0,1,0
20.4,1,0,0,0,1,0,0,1,0,0,0,0,0,0,0,0,0,0,0,1,0
74.95,1,1,0,0,1,1,1,0,0,0,0,0,0,0,0,0,1,0,1,0,1
20,0,0,0,0,1,0,0,1,0,0,0,0,0,0,1,0,0,0,0,1,0
25,1,0,0,0,1,1,0,1,0,0,0,0,0,0,0,0,1,0,0,1,0
80.45,1,1,0,1,1,1,1,0,1,0,0,0,0,0,0,0,1,0,0,1,0
55.3,0,0,0,0,1,0,0,0,0,0,0,0,0,1,0,0,1,0,1,0,1
25.1,1,1,0,0,1,1,0,1,0,0,0,0,0,0,0,1,0,1,0,0,0
19.95,1,0,0,0,1,0,0,1,0,0,0,0,0,0,0,0,0,0,0,1,0
20.4,1,0,0,1,1,0,0,1,0,0,0,0,0,0,0,0,0,0,0,1,0
26.3,1,0,1,1,1,1,0,1,0,0,0,0,0,0,0,1,0,0,0,1,0
84.95,0,0,1,0,1,1,1,0,0,0,0,0,1,0,0,0,1,0,1,0,1
20.7,0,0,0,0,1,0,0,1,0,0,0,0,0,0,0,0,1,0,0,1,0
48.35,1,0,1,1,1,1,0,0,0,0,0,0,0,0,1,0,1,1,0,0,1
79.55,1,0,0,0,1,0,1,0,0,0,0,0,1,0,0,0,1,0,1,0,1
84.5,1,0,0,0,1,1,1,0,0,0,0,0,1,0,0,0,0,0,1,0,1
64.45,1,1,1,0,0,0,0,0,1,1,1,1,1,1,0,1,1,1,0,0,0
65.65,0,0,1,0,1,0,0,0,0,1,1,0,0,1,1,0,1,0,1,0,0
19.75,0,0,0,0,1,0,0,1,0,0,0,0,0,0,0,0,0,0,1,0,1
55.05,1,0,1,0,1,1,0,0,1,0,0,0,0,0,0,0,1,0,0,1,0
75.2,1,0,0,1,1,1,1,0,0,0,0,0,0,0,0,0,0,1,0,0,1
19.6,1,0,1,1,1,0,0,1,0,0,0,0,0,0,1,0,0,0,1,0,0
55.85,0,0,0,1,1,1,0,0,0,0,1,0,0,0,1,0,1,0,0,1,1
24.05,0,0,1,1,1,1,0,1,0,0,0,0,0,0,0,1,1,0,0,1,0
38.1,1,0,1,0,0,0,0,0,0,0,1,0,1,0,1,0,1,1,0,0,0
45.8,1,0,0,0,1,0,0,0,0,0,0,0,0,0,0,0,1,0,0,1,0
84.4,1,0,0,0,1,0,1,0,0,1,0,0,0,1,0,0,1,0,1,0,1
50.95,0,0,0,0,0,0,0,0,1,1,0,1,0,1,0,0,0,1,0,0,0
90.5,1,0,1,1,1,1,0,0,1,1,1,1,1,1,0,1,1,0,0,1,0
105.7,1,0,1,0,1,1,1,0,0,1,1,0,1,1,1,0,1,0,0,0,0
85.55,0,1,0,0,1,1,1,0,0,0,0,0,1,0,0,0,1,0,1,0,1
24.3,1,0,0,0,0,0,0,0,0,0,0,0,0,0,0,0,0,0,0,1,0
95.65,1,0,0,0,1,1,1,0,0,0,1,1,0,1,0,0,1,0,0,0,0
53.5,1,0,0,0,1,0,0,0,0,0,0,0,1,0,0,0,1,0,0,1,1
20.5,0,0,1,0,1,0,0,1,0,0,0,0,0,0,1,0,0,0,0,0,0
58.6,0,0,0,0,1,0,0,0,0,1,0,0,1,0,1,0,1,1,0,0,0
79.8,0,0,0,0,1,1,1,0,1,0,0,0,0,0,0,0,1,0,0,0,0
19.45,0,1,0,0,1,0,0,1,0,0,0,0,0,0,0,0,1,0,1,0,1
19.4,0,0,0,0,1,0,0,1,0,0,0,0,0,0,0,1,0,1,0,0,0
106,0,0,0,1,1,0,1,0,1,1,0,1,1,1,1,0,1,1,0,0,0
84.45,0,0,0,0,1,1,1,0,0,1,1,0,0,0,0,0,1,0,1,0,1
107.9,0,1,1,1,1,1,1,0,0,1,1,1,1,1,1,0,1,0,1,0,0
19.5,1,0,0,0,1,0,0,1,0,0,0,0,0,0,1,0,0,1,0,0,0
19.5,1,1,1,1,1,0,0,1,0,0,0,0,0,0,1,0,0,0,0,0,0
69.95,1,0,0,0,1,0,1,0,0,0,0,0,0,0,0,0,1,1,0,0,0
19,1,0,0,0,1,0,0,1,0,0,0,0,0,0,0,0,0,0,0,1,0
38.85,0,0,1,1,0,0,0,0,1,1,0,1,0,0,0,0,0,1,0,0,0
95,1,0,1,0,1,1,1,0,0,1,1,0,1,0,1,0,1,0,0,0,0
74.3,1,0,0,0,1,0,1,0,0,0,0,1,0,0,0,0,1,0,0,1,0
76.45,1,0,0,0,1,0,1,0,0,0,1,0,0,0,0,0,0,0,1,0,0
101.75,0,0,1,0,1,0,1,0,1,0,1,0,1,1,0,0,0,0,1,0,0
25.65,1,0,0,0,0,0,0,0,0,0,0,0,0,0,0,0,1,0,0,1,0
75.1,1,0,1,1,1,0,1,0,1,0,0,0,0,0,0,0,0,0,0,1,0
69.6,1,0,0,0,1,1,0,0,0,0,0,0,1,1,0,0,0,0,0,1,0
20.25,1,0,1,1,1,0,0,1,0,0,0,0,0,0,1,0,0,0,0,1,0
19.35,0,0,1,0,1,0,0,1,0,0,0,0,0,0,1,0,0,0,0,1,0
25.5,0,0,1,0,1,1,0,1,0,0,0,0,0,0,0,1,0,0,0,1,0
84.1,1,0,1,0,1,0,1,0,1,0,0,0,1,0,0,0,0,0,1,0,1
19.6,0,0,0,0,1,0,0,1,0,0,0,0,0,0,0,1,1,0,0,1,0
81.3,0,0,1,0,1,1,0,0,1,1,1,1,0,1,0,1,1,0,0,1,0
19.8,0,0,1,1,1,0,0,1,0,0,0,0,0,0,0,0,0,0,0,1,0
19.1,0,0,1,1,1,0,0,1,0,0,0,0,0,0,0,1,0,0,0,1,0
55.55,0,1,1,0,0,0,0,0,0,1,1,0,1,1,0,0,0,1,0,0,1
80.55,0,0,0,0,1,0,1,0,0,1,1,0,0,0,0,0,0,0,1,0,0
106,1,0,1,0,1,1,1,0,0,1,1,0,1,1,1,0,1,0,0,0,0
55.25,1,0,0,0,1,0,0,0,0,0,0,0,0,1,0,0,1,0,1,0,0
80,1,0,1,0,1,0,1,0,0,1,1,0,0,0,0,0,1,0,1,0,0
79.6,1,1,0,0,1,1,1,0,0,1,0,0,0,0,1,0,1,0,0,0,0
50.45,0,0,1,1,1,0,0,0,0,0,1,0,0,0,0,0,0,0,0,1,1
79.6,1,0,0,0,1,0,1,0,0,1,1,0,0,0,1,0,0,1,0,0,0
77.3,1,0,1,0,1,1,0,0,1,0,1,1,0,1,0,1,0,1,0,0,0
44.9,1,0,0,0,1,0,0,0,0,0,0,0,0,0,0,0,0,0,0,0,0
71.95,0,0,0,0,1,0,0,0,1,0,0,0,1,1,0,0,1,0,1,0,0
19.7,0,0,1,1,1,0,0,1,0,0,0,0,0,0,0,1,0,0,0,1,0
55.3,1,0,0,0,1,1,0,0,0,1,0,0,0,0,0,0,0,0,1,0,0
20.45,1,0,0,1,1,0,0,1,0,0,0,0,0,0,0,1,0,0,0,1,0
39.7,0,0,0,0,0,0,0,0,0,1,0,0,0,1,0,0,1,0,1,0,0
54.5,1,0,0,0,1,1,0,0,1,0,0,0,0,0,0,0,1,1,0,0,0
83.8,0,0,1,1,1,0,1,0,0,1,1,1,0,0,0,0,0,0,1,0,1
55.15,1,0,0,0,1,0,0,0,0,0,0,0,1,0,0,0,0,0,0,1,1
55.55,0,0,1,1,1,0,0,0,0,1,1,0,0,0,0,0,1,0,0,1,0
101.8,1,1,0,0,1,0,1,0,0,1,1,0,1,1,0,0,1,0,1,0,0
93.2,1,0,0,0,1,0,1,0,0,1,0,0,1,1,0,0,1,0,0,1,0
24.4,1,0,0,0,0,0,0,0,0,0,0,0,0,0,0,0,1,0,1,0,0
70.75,1,0,1,1,1,0,1,0,0,0,0,0,0,0,0,0,1,0,1,0,1
20.1,0,0,1,1,1,0,0,1,0,0,0,0,0,0,0,1,0,0,0,0,0
81.7,1,0,0,0,1,1,1,0,1,0,0,0,0,0,0,0,1,0,1,0,1
105.1,0,0,0,0,1,0,1,0,0,1,1,1,1,1,0,0,1,0,1,0,0
20.4,0,0,1,0,1,0,0,1,0,0,0,0,0,0,0,1,0,0,0,1,0
84.9,1,0,0,0,1,1,1,0,0,0,0,0,1,0,0,0,1,0,1,0,0
95.45,1,1,0,0,1,1,1,0,0,0,0,0,1,1,0,0,1,0,1,0,1
20.85,0,0,1,1,1,0,0,1,0,0,0,0,0,0,0,1,0,0,0,1,0
49.3,0,0,0,0,1,0,0,0,0,0,1,0,0,0,0,0,1,1,0,0,0
117.2,1,0,0,0,1,1,1,0,1,1,1,1,1,1,1,0,1,1,0,0,0
109.95,1,1,1,0,1,1,1,0,0,1,1,1,1,1,0,1,1,0,1,0,0
80,0,0,1,1,1,0,1,0,0,1,0,1,0,0,0,0,1,0,1,0,0
44.8,0,0,0,0,0,0,0,0,1,1,0,0,1,0,0,0,1,0,1,0,0
19.2,1,0,0,0,1,0,0,1,0,0,0,0,0,0,0,0,0,0,1,0,0
47.85,0,0,1,0,0,0,0,0,1,1,1,0,1,0,1,0,0,0,0,0,0
59.1,1,1,1,0,1,0,0,0,1,0,0,0,0,1,0,0,1,1,0,0,0
75.55,0,0,0,0,1,0,1,0,0,0,1,0,0,0,0,0,0,0,1,0,0
95.3,1,0,1,0,1,1,1,0,0,1,1,0,0,1,1,0,0,0,1,0,0
46.3,1,0,0,0,1,0,0,0,0,0,0,0,0,0,0,0,0,0,0,1,1
106.3,0,0,0,0,1,1,1,0,0,1,1,0,1,1,0,0,1,0,1,0,1
89.4,0,0,0,0,1,0,1,0,0,0,1,1,0,1,0,0,1,0,1,0,1
43.8,0,1,0,0,1,0,0,0,0,0,0,0,0,0,0,0,0,0,0,1,0
62.05,1,0,0,0,0,0,0,0,1,1,1,0,1,1,1,0,0,1,0,0,0
101.35,0,0,1,0,1,1,1,0,0,1,1,0,1,1,1,0,1,0,1,0,0
20.9,1,0,1,1,1,0,0,1,0,0,0,0,0,0,0,1,0,0,0,1,0
105.9,0,1,0,0,1,1,1,0,0,1,1,0,1,1,1,0,1,0,1,0,0
44.15,1,0,0,0,1,0,0,0,0,0,0,0,0,0,0,0,1,0,0,1,1
85.45,0,0,0,0,1,1,1,0,0,0,0,0,0,1,0,0,1,0,0,1,1
53.45,1,0,0,0,1,0,0,0,1,0,0,1,0,0,0,0,0,0,0,1,0
54.9,0,0,0,0,1,0,0,0,1,1,0,0,0,0,0,0,1,0,1,0,1
57.5,1,0,1,0,0,0,0,0,0,1,1,1,1,1,0,1,1,0,0,0,0
93.8,1,0,1,0,1,0,1,0,0,0,1,0,1,1,1,0,1,0,1,0,0
48.7,0,0,1,1,0,0,0,0,1,1,1,0,0,1,0,0,1,0,0,0,0
75.45,0,1,0,0,1,1,1,0,0,0,0,0,0,0,0,0,1,0,0,1,1
19.9,0,0,1,1,1,0,0,1,0,0,0,0,0,0,0,1,0,0,0,0,0
25.05,1,0,1,0,1,1,0,1,0,0,0,0,0,0,0,1,0,1,0,0,0
95.1,1,1,1,0,1,1,1,0,0,0,0,0,1,1,0,0,1,0,1,0,1
68.4,0,0,1,0,1,1,0,0,1,0,0,1,0,1,1,0,1,0,1,0,0
90.7,1,0,0,0,1,1,1,0,1,1,1,0,0,0,0,0,0,0,0,0,0
20.95,0,0,0,0,1,0,0,1,0,0,0,0,0,0,1,0,0,0,0,1,0
50.7,0,0,0,0,1,0,0,0,0,1,0,0,0,0,0,0,0,1,0,0,1
87.8,0,0,1,1,1,0,1,0,0,0,0,0,1,1,0,0,1,1,0,0,0
41.9,0,0,0,0,0,0,0,0,1,0,1,1,0,0,0,1,0,0,0,1,0
69.85,1,0,0,1,1,0,0,0,1,0,0,0,1,1,0,0,1,0,0,1,0
109.55,1,0,1,0,1,1,1,0,1,1,1,0,1,1,0,0,0,0,1,0,0
58.35,0,0,0,0,0,0,0,0,1,0,1,1,1,1,0,1,1,0,0,0,0
69.8,1,0,0,0,1,0,1,0,0,0,0,0,0,0,0,0,1,0,1,0,1
19.55,0,0,1,1,1,0,0,1,0,0,0,0,0,0,1,0,0,0,0,0,0
19.5,1,0,0,0,1,0,0,1,0,0,0,0,0,0,1,0,1,0,0,0,0
56.3,0,0,0,0,1,1,0,0,0,1,0,0,0,0,1,0,1,1,0,0,0
60.8,0,0,1,1,1,0,0,0,1,1,1,0,0,0,1,0,1,0,0,1,0
100.05,0,0,1,0,1,0,1,0,0,0,1,1,1,1,0,0,1,1,0,0,0
45.9,1,0,0,0,1,0,0,0,0,0,0,0,0,0,0,0,1,0,1,0,0
25.1,1,0,1,1,1,1,0,1,0,0,0,0,0,0,0,1,1,1,0,0,0
104.75,0,1,0,0,1,1,1,0,0,1,1,0,1,1,0,0,0,0,1,0,0
106.15,1,0,1,0,1,1,1,0,0,0,1,1,1,1,0,0,1,0,0,0,1
45.3,0,0,0,0,1,0,0,0,0,0,0,0,0,0,0,0,1,0,0,1,1
94.8,1,0,0,0,1,1,1,0,1,1,0,0,1,0,1,0,0,0,0,0,0
20.1,0,0,1,1,1,0,0,1,0,0,0,0,0,0,0,1,0,0,0,0,0
59.9,1,0,0,0,1,1,0,0,0,0,0,0,0,1,0,0,0,0,0,1,0
90.1,0,0,1,0,1,1,0,0,1,1,1,1,1,1,1,0,1,1,0,0,0
46.6,1,0,0,0,1,0,0,0,0,0,0,0,0,0,0,0,1,0,0,0,0
75.35,1,1,0,0,1,1,1,0,0,0,0,0,0,0,0,0,1,0,1,0,1
74.3,1,0,0,0,1,0,1,0,1,0,0,0,0,0,0,0,0,0,0,0,0
54,1,0,0,0,0,0,0,0,1,0,1,0,1,1,1,0,1,0,1,0,0
44.9,1,0,0,0,1,0,0,0,0,0,0,0,0,0,0,0,1,0,0,1,0
75.25,0,0,0,0,1,1,1,0,0,0,0,0,0,0,0,0,1,0,1,0,0
19.45,1,0,0,0,1,0,0,1,0,0,0,0,0,0,0,0,0,0,0,1,0
74.6,1,0,1,0,1,1,1,0,0,0,0,0,0,0,0,0,1,0,0,0,1
19.7,1,0,0,0,1,0,0,1,0,0,0,0,0,0,0,0,1,0,0,1,1
74.2,1,1,1,0,1,0,1,0,0,0,1,0,0,0,0,0,1,0,1,0,0
19.35,0,0,0,0,1,0,0,1,0,0,0,0,0,0,1,0,0,1,0,0,0
105.2,0,0,0,1,1,0,1,0,1,1,0,1,1,1,1,0,1,0,0,0,1
79.15,0,0,0,0,1,1,1,0,0,1,0,0,0,0,0,0,1,0,0,1,0
40.65,0,0,1,0,0,0,0,0,1,0,0,0,1,0,0,0,0,0,0,0,0
93.8,1,0,1,0,1,1,1,0,0,1,1,0,1,0,0,0,0,0,1,0,1
95.7,0,0,0,0,1,1,1,0,0,0,0,0,1,1,0,0,1,0,1,0,0
90.05,1,1,1,0,1,1,0,0,1,1,1,1,1,1,0,1,0,1,0,0,0
68.05,1,0,1,1,1,0,0,0,1,1,1,1,0,0,0,1,1,0,0,0,0
96.2,1,0,0,0,1,0,1,0,0,0,0,1,1,1,0,0,1,0,1,0,1
102.1,1,0,0,0,1,1,1,0,1,1,1,0,0,1,0,1,1,0,0,0,0
23.4,1,0,0,0,1,1,0,1,0,0,0,0,0,0,0,1,0,0,0,0,0
85.25,1,0,0,0,1,1,1,0,0,0,0,0,1,0,0,0,1,0,1,0,1
50.75,1,0,0,0,1,0,0,0,0,1,0,0,0,0,0,0,1,0,1,0,1
89.65,0,0,1,1,1,0,1,0,0,1,0,1,0,1,0,0,1,1,0,0,1
19.95,1,0,0,0,1,0,0,1,0,0,0,0,0,0,1,0,0,0,0,1,0
20.5,1,0,1,1,1,0,0,1,0,0,0,0,0,0,0,1,0,0,0,1,0
19.55,0,0,1,1,1,0,0,1,0,0,0,0,0,0,0,0,1,0,0,0,0
20.35,0,0,0,0,1,0,0,1,0,0,0,0,0,0,0,0,1,0,0,1,0
51.7,1,0,0,0,0,0,0,0,0,0,0,1,1,1,0,0,1,0,1,0,0
72.9,0,0,0,1,1,0,0,0,0,0,1,1,1,1,0,0,1,0,0,1,1
60.3,1,0,1,1,0,0,0,0,0,1,1,1,1,1,1,0,0,0,0,1,0
75,1,0,1,0,1,0,1,0,1,0,0,0,0,0,0,0,1,0,0,1,0
99.45,1,1,0,0,1,1,1,0,0,1,0,0,1,1,0,0,1,1,0,0,1
70.2,0,1,0,0,1,0,1,0,0,0,0,0,0,0,0,0,1,0,0,0,1
95.7,1,0,1,0,1,0,1,0,0,0,0,1,1,1,0,0,1,1,0,0,0
49.8,1,0,0,0,1,0,0,0,0,1,0,0,0,0,0,0,1,0,1,0,0
101.75,0,0,1,0,1,1,1,0,0,0,1,0,1,1,1,0,1,0,1,0,0
75.25,1,0,0,0,1,1,1,0,0,0,0,0,0,0,0,0,0,0,1,0,1
85.3,0,0,1,1,1,0,0,0,1,1,1,1,1,1,0,1,0,0,0,0,0
19.85,0,0,1,0,1,0,0,1,0,0,0,0,0,0,0,1,0,1,0,0,0
113.8,1,1,0,0,1,1,1,0,1,1,1,1,1,1,0,1,0,0,0,0,0
104.1,0,1,0,0,1,1,1,0,0,1,1,0,1,1,0,0,1,0,1,0,0
19.05,0,0,0,0,1,0,0,1,0,0,0,0,0,0,0,0,0,0,0,1,0
25.35,1,0,1,1,1,1,0,1,0,0,0,0,0,0,0,1,0,1,0,0,0
24.65,1,1,0,0,1,1,0,1,0,0,0,0,0,0,0,1,1,0,0,1,0
60,1,0,1,0,0,0,0,0,1,1,0,1,1,1,0,1,1,0,0,0,0
89.9,0,0,1,0,1,0,1,0,0,1,1,0,0,1,0,0,0,1,0,0,0
54.25,0,0,0,0,1,0,0,0,0,0,1,1,0,0,0,0,0,0,1,0,0
87.55,0,0,0,0,1,0,1,0,0,0,0,0,1,1,1,0,0,1,0,0,0
88.4,0,0,0,0,1,0,1,0,0,0,0,0,1,1,0,0,1,0,0,1,0
111.5,1,0,0,0,1,1,1,0,1,1,1,0,1,1,0,0,1,0,1,0,0
24.25,0,0,1,1,1,1,0,1,0,0,0,0,0,0,0,0,0,0,0,0,0
101.75,1,0,0,0,1,1,1,0,0,1,0,0,1,1,0,0,1,0,1,0,1
45.8,0,0,0,0,1,0,0,0,0,0,0,0,0,0,0,0,0,0,1,0,1
70.4,1,0,0,0,1,0,0,0,1,1,0,1,1,0,1,0,0,0,1,0,0
101,1,1,1,0,1,1,1,0,0,0,1,0,1,1,0,0,1,0,1,0,1
54.5,1,0,1,0,1,0,0,0,1,0,0,1,0,0,0,1,0,0,0,0,0
75,0,0,0,0,1,1,1,0,0,0,0,0,0,0,0,0,1,0,0,1,1
100,1,0,1,1,1,0,1,0,0,1,0,1,1,1,1,0,0,0,0,0,1
98.05,0,0,0,0,1,1,1,0,0,0,1,0,1,1,0,0,0,0,0,0,0
89.6,0,0,1,1,1,1,1,0,1,0,0,0,1,0,0,0,0,0,1,0,0
79.15,0,1,0,0,1,1,1,0,1,0,0,0,0,0,0,0,1,0,1,0,1
73,0,0,1,1,1,1,0,0,1,1,1,0,1,0,1,0,1,1,0,0,0
61.4,0,0,1,1,1,1,0,0,1,0,0,1,0,0,0,1,0,1,0,0,0
20.4,1,0,0,0,1,0,0,1,0,0,0,0,0,0,0,1,0,0,0,1,0
65.4,1,0,0,0,1,0,0,0,1,0,0,1,1,0,1,0,0,0,1,0,0
59.75,1,0,1,1,1,0,0,0,1,1,1,0,0,0,0,1,1,0,0,0,0
48.95,1,0,0,0,1,0,0,0,0,0,1,0,0,0,0,0,0,0,0,0,0
54.55,0,0,0,0,1,0,0,0,1,0,1,0,0,0,0,0,0,1,0,0,0
20.45,0,0,1,1,1,0,0,1,0,0,0,0,0,0,0,0,0,0,0,1,0
104.5,0,0,1,0,1,1,1,0,0,1,1,0,1,1,0,0,1,1,0,0,1
84.05,0,0,1,0,1,1,1,0,0,0,0,0,1,0,0,0,1,0,1,0,0
20.2,0,0,0,0,1,0,0,1,0,0,0,0,0,0,1,0,1,0,0,0,0
49.2,1,0,0,0,0,0,0,0,0,0,1,0,1,1,0,0,0,0,1,0,0
71.65,0,0,1,1,1,0,1,0,0,0,0,0,0,0,0,0,1,0,1,0,0
106.5,0,0,0,0,1,1,1,0,1,1,1,1,1,0,0,0,1,0,1,0,0
94.25,1,0,0,0,1,0,1,0,0,1,0,0,1,1,0,0,1,0,1,0,1
78.9,1,0,0,0,1,0,0,0,0,1,1,1,1,1,0,1,0,1,0,0,0
79.2,0,1,1,0,1,0,0,0,1,0,1,1,1,1,1,0,1,0,1,0,0
59.2,1,0,0,0,1,0,0,0,1,0,1,1,0,0,0,1,1,0,1,0,0
49.55,0,0,0,0,1,0,0,0,1,0,0,0,0,0,0,0,0,0,0,0,0
82.65,0,0,1,0,1,1,0,0,1,1,1,0,1,1,0,1,1,1,0,0,0
80.35,1,0,1,0,1,0,1,0,0,0,0,0,1,0,0,0,1,0,1,0,1
25.2,0,0,0,0,1,1,0,1,0,0,0,0,0,0,1,0,0,0,1,0,0
25.45,0,0,0,0,1,1,0,1,0,0,0,0,0,0,0,0,0,0,0,1,0
110.9,1,0,1,0,1,1,1,0,1,0,1,1,1,1,0,1,1,1,0,0,0
19.9,0,0,1,0,1,0,0,1,0,0,0,0,0,0,0,1,0,0,0,0,0
79.05,1,0,0,0,1,0,1,0,0,0,0,0,1,0,0,0,1,0,1,0,1
95,1,0,1,0,1,0,1,0,1,0,0,0,1,1,0,0,1,0,1,0,1
98.4,1,1,0,0,1,1,1,0,0,0,1,0,1,1,0,0,1,0,1,0,1
56.35,1,0,1,0,1,0,0,0,0,0,0,0,1,0,1,0,1,0,0,1,0
79.4,1,1,1,1,1,1,0,0,1,1,1,1,1,0,0,1,0,1,0,0,1
84.05,0,0,0,1,1,1,1,0,0,0,0,0,1,0,0,0,1,0,1,0,0
101.4,1,1,0,0,1,1,1,0,0,0,1,0,1,1,0,0,1,0,1,0,1
109.75,1,0,1,0,1,0,1,0,1,1,1,1,1,1,0,1,0,0,0,0,1
20.25,0,0,0,0,1,0,0,1,0,0,0,0,0,0,0,0,0,0,0,1,0
81.45,1,0,0,0,1,0,1,0,0,0,0,0,1,0,0,0,1,0,1,0,0
80.2,1,0,1,0,1,1,0,0,1,0,1,0,1,1,1,0,1,0,1,0,0
100.3,1,0,0,0,1,1,1,0,0,0,0,1,1,1,0,0,1,0,1,0,0
90.95,0,0,0,1,1,1,1,0,1,0,1,1,0,0,0,1,1,1,0,0,0
71.65,1,1,0,0,1,0,1,0,0,0,0,0,0,0,0,0,1,0,1,0,1
73.55,0,1,0,0,1,0,1,0,0,1,0,0,0,0,0,0,1,0,1,0,0
54.45,1,0,0,0,1,0,0,0,1,0,0,1,0,0,0,0,1,0,0,1,0
109.1,0,0,1,0,1,1,1,0,1,1,0,1,1,1,0,1,1,1,0,0,0
112.9,1,1,1,0,1,1,1,0,1,1,1,1,1,1,0,0,1,1,0,0,0
74.2,0,1,0,0,1,1,1,0,0,0,0,0,0,0,0,0,1,0,1,0,1
55.3,1,0,0,0,1,0,0,0,0,0,0,0,0,1,0,0,1,0,0,1,0
19.35,0,0,1,1,1,0,0,1,0,0,0,0,0,0,0,1,0,0,0,1,0
100.2,1,0,1,0,1,1,1,0,0,1,0,0,1,1,0,0,1,0,1,0,1
19.9,0,0,1,1,1,0,0,1,0,0,0,0,0,0,1,0,0,0,0,1,0
100.5,0,0,0,0,1,1,1,0,0,0,1,0,1,1,0,0,1,0,0,0,0
95,0,0,1,0,1,1,1,0,0,0,0,0,1,1,0,0,0,1,0,0,0
73.9,1,0,0,0,1,0,1,0,0,0,1,0,0,0,0,0,1,0,1,0,1
109.45,0,0,1,0,1,1,1,0,1,1,1,0,1,1,0,1,1,0,0,0,1
83.25,1,0,1,0,1,0,0,0,1,1,1,1,1,1,0,1,1,1,0,0,0
114.1,1,0,1,0,1,1,1,0,0,1,1,1,1,1,0,0,1,0,1,0,0
94.75,0,0,0,0,1,1,1,0,0,1,1,0,1,0,1,0,1,0,0,0,0
25.4,1,0,1,1,1,1,0,1,0,0,0,0,0,0,0,1,0,0,0,1,0
102.55,1,0,1,0,1,1,1,0,0,1,1,0,1,1,0,0,1,0,1,0,0
100.2,0,0,0,0,1,1,1,0,0,1,0,0,1,1,0,0,1,0,1,0,1
73.5,0,0,1,0,1,0,0,0,0,1,1,0,1,1,0,1,1,1,0,0,0
74.05,0,0,1,1,1,0,1,0,0,1,0,0,0,0,0,0,1,0,0,0,1
98.25,1,0,1,0,1,1,1,0,0,1,0,0,1,1,1,0,1,0,1,0,0
101.55,1,0,0,0,1,1,1,0,0,0,1,0,1,1,0,0,1,0,0,0,1
43.75,0,0,0,0,1,0,0,0,0,0,0,0,0,0,0,0,1,0,1,0,0
55.95,0,0,1,1,0,0,0,0,1,0,1,0,1,1,1,0,1,0,1,0,1
45.75,1,0,0,0,1,0,0,0,0,0,0,0,0,0,0,0,0,0,1,0,1
82,1,0,1,1,1,1,0,0,0,0,1,1,1,1,1,0,1,1,0,0,0
79.8,0,0,0,0,1,1,1,0,1,0,0,0,0,0,0,0,1,0,1,0,0
88.85,0,0,1,0,1,1,1,0,0,0,0,1,1,0,0,0,1,0,1,0,0
109.25,0,0,1,0,1,1,1,0,0,1,1,1,1,1,1,0,1,0,1,0,1
25.05,0,0,0,0,1,1,0,1,0,0,0,0,0,0,1,0,0,1,0,0,0
89.95,1,0,0,0,1,0,1,0,0,0,1,1,1,0,0,0,0,0,0,1,0
116.05,0,1,1,0,1,1,1,0,1,1,1,1,1,1,0,1,1,0,0,0,0
19.55,1,0,0,0,1,0,0,1,0,0,0,0,0,0,0,1,0,1,0,0,0
90.2,1,0,1,1,1,0,1,0,0,0,0,0,1,1,0,0,1,0,1,0,1
93.55,0,0,0,0,1,1,1,0,0,0,0,0,1,1,0,0,1,0,0,0,1
94.65,1,1,1,0,1,1,1,0,0,0,0,0,1,1,0,0,1,1,0,0,0
34.7,1,0,0,0,0,0,0,0,0,1,1,0,0,0,0,0,0,0,0,1,0
44.8,1,0,1,1,1,0,0,0,0,0,0,0,0,0,1,0,1,0,0,0,0
109.4,0,0,1,1,1,1,1,0,1,0,1,1,1,1,1,0,1,0,1,0,0
71.05,0,0,1,0,1,0,0,0,1,1,0,1,0,1,0,0,1,0,0,1,0
78.55,0,1,0,0,1,1,1,0,0,0,1,0,0,0,0,0,1,0,1,0,1
19.85,0,0,1,0,1,0,0,1,0,0,0,0,0,0,0,1,0,1,0,0,0
78.65,0,0,0,1,1,0,1,0,0,0,0,0,0,1,0,0,0,0,1,0,1
25.15,1,0,0,0,0,0,0,0,0,0,0,0,0,0,0,0,1,0,0,0,0
58.5,0,0,0,0,0,0,0,0,1,0,1,1,1,1,0,0,0,0,0,1,1
55.8,0,0,0,0,1,0,0,0,1,0,1,0,0,0,0,0,0,1,0,0,0
96.2,1,1,0,0,1,1,1,0,0,0,0,0,1,1,0,0,1,0,1,0,1
79.15,1,0,1,0,1,1,0,0,1,1,1,1,1,0,0,1,0,0,0,1,0
73.85,1,0,1,0,1,1,1,0,0,0,0,0,0,0,0,0,1,0,0,0,1
84.55,0,1,1,0,1,1,1,0,0,0,0,0,0,1,0,0,1,0,1,0,1
20.05,0,0,1,0,1,0,0,1,0,0,0,0,0,0,0,1,0,0,0,0,0
24.75,0,0,0,0,1,1,0,1,0,0,0,0,0,0,0,1,0,1,0,0,1
60.4,0,0,1,1,0,0,0,0,1,0,1,1,1,1,1,0,1,1,0,0,0
79.25,1,0,1,0,1,1,0,0,1,0,1,0,1,1,1,0,0,0,0,1,0
110.1,1,0,1,0,1,0,1,0,1,1,1,1,1,1,0,1,1,1,0,0,0
90.7,1,0,0,0,1,0,1,0,0,0,0,0,1,1,0,0,0,0,0,1,0
24.35,1,0,0,1,1,1,0,1,0,0,0,0,0,0,0,1,0,0,0,1,0
54.55,1,1,1,0,1,0,0,0,1,1,0,0,0,0,0,0,1,0,0,0,0
66,0,0,0,1,1,1,0,0,1,1,0,1,0,0,0,1,0,0,1,0,0
20.75,1,0,0,0,1,0,0,1,0,0,0,0,0,0,0,1,0,0,0,1,0
109.75,1,0,1,1,1,1,1,0,0,1,1,1,1,1,0,1,1,0,0,0,0
20.3,0,0,0,0,1,0,0,1,0,0,0,0,0,0,0,1,0,0,0,1,0
19.8,1,0,1,1,1,0,0,1,0,0,0,0,0,0,0,1,1,1,0,0,0
86.7,1,0,0,0,1,0,0,0,1,1,1,1,1,1,0,1,1,0,0,0,0
19.65,0,0,1,1,1,0,0,1,0,0,0,0,0,0,0,1,1,0,0,1,0
54.45,0,0,0,0,1,1,0,0,1,0,0,0,0,0,1,0,0,0,0,1,0
45.35,0,0,0,0,1,0,0,0,0,0,0,0,0,0,0,0,0,0,0,1,0
59,0,0,0,0,1,1,0,0,1,0,1,0,0,0,1,0,0,0,0,1,0
20.5,0,0,1,1,1,0,0,1,0,0,0,0,0,0,0,0,1,0,0,1,1
18.85,0,0,0,0,1,0,0,1,0,0,0,0,0,0,0,0,0,0,0,1,0
74.8,1,0,0,0,1,0,1,0,0,0,1,0,0,0,0,0,1,0,0,0,1
114.3,1,0,1,1,1,1,1,0,1,1,1,1,1,1,0,1,1,1,0,0,0
51,0,0,0,1,1,0,0,0,0,0,0,1,0,0,0,0,1,0,0,1,0
93.25,1,0,1,1,1,1,1,0,0,1,0,1,0,1,0,0,1,0,0,0,0
25.45,0,0,1,1,1,1,0,1,0,0,0,0,0,0,0,1,0,0,0,1,0
20.6,0,0,0,0,1,0,0,1,0,0,0,0,0,0,0,1,0,0,0,1,0
51.35,1,0,0,0,1,0,0,0,0,1,0,0,0,0,0,0,1,0,1,0,0
84.8,0,0,1,0,1,1,0,0,0,1,1,1,1,1,0,1,1,0,0,0,0
100.25,0,1,1,0,1,1,1,0,0,0,0,1,1,1,1,0,0,0,1,0,0
46.2,1,0,0,0,0,0,0,0,1,1,0,0,0,1,0,1,0,0,0,0,0
50.6,0,0,0,0,0,0,0,0,0,1,0,0,1,1,0,0,1,0,1,0,1
50.15,0,0,0,0,1,0,0,0,1,0,0,0,0,0,0,0,0,0,1,0,0
64.65,1,0,0,0,1,1,0,0,1,1,0,1,0,0,1,0,1,0,0,0,0
98.7,1,1,1,0,1,1,1,0,0,0,1,0,1,1,0,0,1,0,1,0,1
46.3,1,0,0,0,0,0,0,0,1,1,0,0,0,1,0,0,1,0,0,0,0
99.35,1,0,1,0,1,1,1,0,1,1,1,0,1,0,0,1,1,1,0,0,0
95.8,0,1,1,1,1,1,1,0,0,0,0,0,1,1,0,0,1,0,1,0,0
84.35,1,0,1,0,1,1,0,0,1,0,1,1,1,1,1,0,0,0,1,0,1
100.2,0,1,1,0,1,1,1,0,0,1,0,0,1,1,0,0,1,0,1,0,1
40.35,0,0,0,0,0,0,0,0,0,0,0,1,0,1,1,0,1,1,0,0,0
73.6,1,0,0,0,1,1,1,0,0,0,0,0,0,0,0,0,0,0,1,0,1
99.15,1,0,0,1,1,0,1,0,0,1,0,1,1,1,0,0,1,1,0,0,0
90.8,1,0,1,1,1,1,1,0,0,0,1,0,0,1,0,1,1,1,0,0,0
49.55,1,0,1,0,1,0,0,0,0,1,0,0,0,0,0,0,1,0,0,0,0
93.55,0,1,1,0,1,1,1,0,0,0,0,0,1,1,0,0,1,0,1,0,1
94.45,0,0,1,0,1,1,1,0,1,1,0,0,0,1,0,1,1,1,0,0,0
25.05,1,0,0,0,0,0,0,0,0,0,0,0,0,0,0,0,1,0,1,0,1
19.95,0,0,1,1,1,0,0,1,0,0,0,0,0,0,0,1,0,0,0,1,0
19.15,1,0,0,0,1,0,0,1,0,0,0,0,0,0,1,0,1,0,0,1,0
78.95,1,0,1,1,1,0,1,0,0,0,0,0,0,1,1,0,0,0,0,0,0
95.55,1,1,1,0,1,1,1,0,0,1,1,0,0,1,0,0,1,0,1,0,1
94.95,0,1,1,0,1,1,1,0,0,0,0,0,1,1,0,0,1,0,1,0,0
86.1,1,0,1,0,1,0,1,0,1,1,1,0,0,0,0,0,1,1,0,0,0
24.8,1,0,0,1,1,1,0,1,0,0,0,0,0,0,0,1,1,0,0,1,0
98.6,1,0,0,0,1,1,1,0,0,1,0,0,1,1,0,0,0,0,1,0,0
80.5,1,1,0,0,1,1,1,0,0,1,0,0,0,0,0,0,1,0,1,0,0
99.9,0,0,0,0,1,1,1,0,0,1,0,0,1,1,1,0,0,0,0,0,1
67.8,0,0,0,0,1,0,0,0,1,1,0,1,0,1,0,0,0,0,0,0,0
76.15,1,0,1,0,1,1,0,0,1,0,1,1,0,1,0,1,0,0,0,0,0
20.3,1,0,0,0,1,0,0,1,0,0,0,0,0,0,1,0,0,0,0,1,0
89.75,0,1,0,0,1,1,1,0,1,1,1,0,0,0,0,0,1,0,1,0,0
101.25,0,0,0,0,1,0,1,0,0,1,1,0,1,1,0,0,1,0,1,0,1
18.95,1,0,0,0,1,0,0,1,0,0,0,0,0,0,0,0,1,0,0,1,1
20.4,1,0,1,1,1,0,0,1,0,0,0,0,0,0,1,0,0,0,0,1,0
24.35,0,1,0,0,0,0,0,0,0,0,0,0,0,0,0,0,0,0,1,0,1
101.35,0,0,1,0,1,1,1,0,0,0,1,0,1,1,0,0,1,0,1,0,0
33.6,1,0,0,1,0,0,0,0,0,1,0,1,0,0,0,0,0,0,0,1,0
73.7,0,0,1,1,1,1,0,0,1,1,0,1,1,0,1,0,0,1,0,0,0
19.75,1,0,0,0,1,0,0,1,0,0,0,0,0,0,0,0,0,1,0,0,0
24.05,0,0,1,1,1,1,0,1,0,0,0,0,0,0,0,1,0,0,0,1,0
84.75,0,0,0,1,1,1,1,0,0,0,0,0,0,1,0,0,1,0,1,0,0
85.55,1,1,0,0,1,0,1,0,0,1,0,0,0,1,0,0,1,0,1,0,0
43.55,1,0,0,0,0,0,0,0,1,0,0,1,1,0,0,0,1,0,0,1,0
102.95,1,1,0,0,1,1,1,0,0,1,1,0,1,1,0,0,1,1,0,0,1
68.5,1,0,1,1,1,0,1,0,0,0,0,0,0,0,0,0,1,0,1,0,1
59.55,0,0,1,0,0,0,0,0,1,0,1,1,1,1,0,1,0,0,0,0,0
61.15,0,0,1,1,1,0,0,0,1,1,1,0,0,0,0,0,0,0,0,1,1
19.75,1,0,1,1,1,0,0,1,0,0,0,0,0,0,0,1,0,1,0,0,0
110.2,1,0,1,1,1,1,1,0,1,1,1,0,1,1,0,1,1,0,1,0,0
90.55,0,0,1,0,1,1,1,0,0,1,1,1,0,0,0,0,0,0,1,0,0
65.9,0,0,1,1,1,0,0,0,0,1,1,0,0,1,1,0,1,0,0,1,0
104.5,1,0,0,0,1,1,1,0,1,1,1,1,1,0,1,0,0,1,0,0,0
88.75,1,0,1,1,1,1,1,0,0,0,1,0,1,0,0,0,1,0,1,0,0
75.3,1,0,1,0,1,1,0,0,0,0,1,0,1,1,1,0,1,0,0,1,1
109.55,0,1,1,0,1,1,1,0,1,0,1,1,1,1,1,0,1,0,0,1,1
100.05,1,1,1,0,1,1,1,0,0,0,0,1,1,1,0,0,1,1,0,0,1
102,1,0,0,0,1,1,1,0,1,1,0,1,0,1,1,0,0,0,1,0,1
90.2,1,0,1,0,1,1,1,0,1,1,1,0,0,0,0,0,0,1,0,0,1
19.9,0,0,1,1,1,0,0,1,0,0,0,0,0,0,1,0,0,0,0,1,0
19.7,1,0,1,1,1,0,0,1,0,0,0,0,0,0,0,1,1,0,0,0,0
35,1,0,0,0,0,0,0,0,1,1,0,0,0,0,0,0,1,0,0,1,0
70.2,1,1,1,0,1,0,1,0,0,0,0,0,0,0,0,0,1,0,1,0,0
19.75,1,0,1,1,1,0,0,1,0,0,0,0,0,0,0,1,1,0,0,1,0
86.35,1,0,0,0,1,0,1,0,1,0,0,0,1,0,1,0,0,0,0,1,0
25.5,0,0,1,0,1,1,0,1,0,0,0,0,0,0,0,1,0,0,0,1,0
19.55,0,0,1,0,1,0,0,1,0,0,0,0,0,0,0,1,1,0,0,1,0
110.1,1,0,1,1,1,1,1,0,1,1,0,1,1,1,0,0,1,1,0,0,0
40.1,0,0,0,0,0,0,0,0,0,1,0,0,0,1,0,0,1,1,0,0,1
79.55,0,0,0,0,1,0,1,0,0,0,0,0,1,0,0,0,0,0,1,0,1
75.75,1,0,0,0,1,0,0,0,0,1,0,1,1,1,1,0,1,0,0,0,0
70.15,0,0,0,0,1,0,1,0,0,0,0,0,0,0,0,0,1,0,1,0,0
25.55,1,0,0,0,1,1,0,1,0,0,0,0,0,0,0,1,0,0,0,0,0
44.15,1,1,0,0,1,0,0,0,0,0,0,0,0,0,0,0,1,0,1,0,1
74.9,0,0,0,0,1,0,1,0,0,0,1,0,0,0,0,0,1,0,1,0,1
18.8,0,0,0,0,1,0,0,1,0,0,0,0,0,0,0,0,0,0,0,1,0
98.7,0,0,0,0,1,1,1,0,0,1,0,0,1,1,0,0,1,1,0,0,0
89.45,1,1,1,0,1,1,1,0,1,0,0,0,1,0,0,0,0,0,1,0,0
79.8,1,0,1,0,1,1,0,0,0,0,1,1,1,1,0,1,0,1,0,0,0
79.85,1,1,1,1,1,1,1,0,1,0,0,0,0,0,0,0,1,0,1,0,0
24.75,1,0,0,0,0,0,0,0,0,0,0,0,0,0,0,0,0,0,1,0,1
20.05,0,0,1,1,1,0,0,1,0,0,0,0,0,0,1,0,0,0,0,1,0
19.6,1,0,1,1,1,0,0,1,0,0,0,0,0,0,0,1,1,0,0,0,0
114.3,1,0,0,0,1,1,1,0,1,1,1,1,1,1,1,0,1,0,0,0,0
89.95,0,0,1,0,1,1,1,0,0,0,1,0,1,0,0,1,1,0,0,0,0
57.95,1,0,1,1,1,0,0,0,1,1,0,1,0,0,0,0,1,0,0,1,0
59.5,0,0,0,0,1,0,0,0,0,0,0,1,1,0,0,0,1,0,0,0,0
103.95,0,0,1,0,1,1,1,0,1,1,1,1,1,0,0,1,1,0,0,0,0
68.95,1,0,1,1,1,1,0,0,1,0,1,0,1,0,0,1,0,1,0,0,0
24.7,0,0,1,1,0,0,0,0,0,0,0,0,0,0,0,0,1,0,1,0,0
110.2,0,1,1,1,1,1,1,0,1,1,0,1,1,1,0,0,1,0,1,0,0
78.9,0,0,0,0,1,1,0,0,1,1,1,1,1,0,0,0,1,1,0,0,0
71.45,0,0,1,1,1,1,0,0,1,0,1,0,1,0,0,1,1,0,0,0,0
46.35,1,1,1,0,0,0,0,0,1,1,1,1,0,0,0,1,0,1,0,0,0
25.45,1,0,0,0,1,1,0,1,0,0,0,0,0,0,1,0,0,0,0,0,0
66.1,1,0,1,0,1,1,0,0,1,1,1,0,0,0,0,1,1,1,0,0,0
60.3,1,0,1,0,1,0,0,0,1,1,1,0,0,0,1,0,0,1,0,0,1
88.85,1,0,1,0,1,1,1,0,0,1,0,0,0,1,0,0,0,0,0,1,0
66.4,1,0,0,0,1,0,0,0,0,1,1,0,1,0,0,0,1,1,0,0,0
69.2,1,0,1,1,1,1,0,0,1,1,0,0,0,1,0,0,0,0,0,1,0
79.5,0,0,0,1,1,1,1,0,0,0,0,1,0,0,1,0,1,1,0,0,0
103.3,1,0,1,1,1,1,1,0,0,0,1,1,1,1,0,0,0,0,1,0,1
40.55,1,0,0,0,0,0,0,0,1,1,0,1,0,0,0,1,1,0,0,1,0
80.5,1,0,1,0,1,1,1,0,0,1,0,0,0,0,0,0,1,0,0,0,0
24.95,1,0,1,1,1,1,0,1,0,0,0,0,0,0,0,1,1,0,0,1,0
20.3,1,0,1,1,1,0,0,1,0,0,0,0,0,0,0,1,1,1,0,0,0
78.5,1,0,0,0,1,0,1,0,0,0,0,0,1,0,0,0,1,0,1,0,1
44.75,0,0,0,0,1,0,0,0,0,0,0,0,0,0,0,0,0,0,0,1,0
86.45,0,0,1,0,1,0,0,0,1,1,1,1,1,1,0,1,0,1,0,0,0
98.5,1,0,1,0,1,1,1,0,0,0,1,0,1,1,0,0,1,0,1,0,1
50.45,0,0,0,0,1,0,0,0,0,0,1,0,0,0,0,0,1,0,0,1,1
81.7,1,0,0,0,1,0,1,0,1,0,1,0,0,0,0,0,0,0,0,0,1
50.05,1,0,0,0,0,0,0,0,0,0,1,0,1,1,1,0,1,0,1,0,0
79.9,1,0,0,0,1,0,1,0,0,0,0,0,0,1,0,0,1,0,1,0,1
25.4,0,0,0,0,1,1,0,1,0,0,0,0,0,0,0,0,1,1,0,0,1
90.1,1,0,0,0,1,0,1,0,1,1,1,1,0,0,1,0,1,1,0,0,0
44.65,1,0,0,0,1,0,0,0,0,0,0,0,0,0,0,0,1,0,0,0,0
83.75,1,1,1,0,1,1,1,0,1,0,1,0,0,0,0,0,1,0,0,0,1
53.35,1,0,0,0,0,0,0,0,0,0,1,1,1,1,0,1,0,1,0,0,0
25.6,1,0,1,0,1,1,0,1,0,0,0,0,0,0,0,1,0,1,0,0,0
89.75,0,0,1,1,1,1,0,0,1,1,1,1,1,1,0,1,0,1,0,0,0
19.9,0,0,1,1,1,0,0,1,0,0,0,0,0,0,0,0,0,0,0,1,0
84.3,0,0,0,0,1,0,1,0,0,1,0,0,1,0,0,0,0,0,1,0,1
68.15,0,0,0,0,1,1,0,0,0,1,0,1,0,1,0,0,0,1,0,0,0
45.55,0,0,1,0,0,0,0,0,1,1,0,0,1,0,0,0,0,0,1,0,0
75.3,1,1,1,0,1,0,1,0,1,0,0,0,0,0,0,0,0,0,1,0,0
80.45,0,0,0,0,1,0,1,0,0,0,1,1,0,0,0,1,1,0,1,0,1
19.65,0,0,1,0,1,0,0,1,0,0,0,0,0,0,0,1,0,0,0,1,0
79.35,1,0,1,1,1,1,1,0,0,0,1,0,0,0,0,0,1,0,0,0,1
105.15,0,0,1,0,1,1,1,0,0,1,1,0,1,1,0,1,1,0,0,0,0
85.8,0,0,0,0,1,0,1,0,0,0,0,1,0,1,0,0,0,0,1,0,1
79.7,1,0,1,1,1,1,0,0,1,0,1,0,1,1,0,1,1,0,1,0,1
80.55,1,0,1,0,1,0,1,0,0,0,0,0,1,0,0,0,1,0,1,0,1
84.3,0,0,0,0,1,0,1,0,0,1,0,0,0,1,0,0,1,0,0,1,1
96.95,1,0,1,1,1,1,1,0,0,1,0,1,1,0,0,0,1,1,0,0,0
66.8,0,0,1,0,0,0,0,0,1,1,1,1,1,1,1,0,0,0,0,0,0
105.35,1,0,0,0,1,1,1,0,0,1,0,1,1,1,0,0,1,0,1,0,0
48.8,0,0,0,0,1,0,0,0,1,0,0,0,0,0,0,0,1,1,0,0,1
69.8,0,0,1,0,1,0,1,0,0,0,0,0,0,0,0,0,1,0,0,0,0
106.15,0,0,1,0,1,1,1,0,0,1,1,0,1,1,0,0,1,0,1,0,0
25.25,1,0,0,0,1,1,0,1,0,0,0,0,0,0,0,0,0,0,0,1,0
19.75,1,0,1,1,1,0,0,1,0,0,0,0,0,0,0,0,0,0,1,0,0
60.95,0,0,0,0,1,0,0,0,0,0,0,1,0,1,0,0,1,0,0,1,0
90.1,0,0,1,0,1,1,0,0,1,1,1,1,1,1,0,1,0,0,1,0,0
74.1,1,1,0,0,1,1,0,0,1,0,1,1,0,1,0,1,0,1,0,0,0
20.15,0,0,1,1,1,0,0,1,0,0,0,0,0,0,0,1,0,0,0,1,0
24.2,0,0,1,1,1,1,0,1,0,0,0,0,0,0,1,0,1,0,0,1,0
20.3,0,0,0,0,1,0,0,1,0,0,0,0,0,0,0,0,0,0,0,0,0
103.65,1,0,0,0,1,1,1,0,0,0,1,1,1,1,0,0,1,0,0,0,0
59.55,1,0,0,1,1,0,0,0,0,0,0,1,0,1,0,0,1,0,0,1,0
117.8,1,0,1,0,1,1,1,0,1,1,1,1,1,1,1,0,1,0,0,0,1
45.25,0,0,0,1,0,0,0,0,0,1,0,1,1,0,0,1,0,0,0,1,0
79.5,0,1,0,0,1,1,1,0,0,1,0,0,0,0,0,0,1,0,1,0,1
20.25,1,0,1,1,1,0,0,1,0,0,0,0,0,0,0,0,0,0,0,1,0
64.75,0,0,1,0,1,1,0,0,1,1,0,1,0,0,0,1,0,0,0,0,0
79.65,1,0,1,0,1,1,1,0,0,0,0,1,0,0,0,0,1,0,0,0,1
83.8,1,0,0,0,1,0,1,0,0,0,1,0,0,1,0,0,1,1,0,0,0
95.35,1,1,1,0,1,1,1,0,0,1,1,0,0,1,0,0,1,0,0,0,0
94.7,1,0,0,0,1,0,1,0,0,0,1,0,1,1,0,0,1,0,1,0,1
116.6,1,0,0,0,1,1,1,0,1,1,1,1,1,1,1,0,1,1,0,0,0
19.3,0,0,0,0,1,0,0,1,0,0,0,0,0,0,0,0,1,0,0,1,0
19.45,0,0,1,1,1,0,0,1,0,0,0,0,0,0,0,0,0,0,0,1,1
18.75,0,0,0,0,1,0,0,1,0,0,0,0,0,0,0,0,0,0,0,0,0
20.15,0,0,1,1,1,0,0,1,0,0,0,0,0,0,0,1,0,0,0,0,0
20,1,0,1,1,1,0,0,1,0,0,0,0,0,0,1,0,0,0,0,0,0
93.6,1,1,0,0,1,1,1,0,0,0,0,0,1,1,0,0,1,0,1,0,0
70.7,0,0,0,0,1,0,1,0,0,0,0,0,0,0,0,0,1,0,0,1,0
45.25,1,0,1,1,1,0,0,0,0,0,0,0,0,0,0,0,0,0,0,1,0
108.95,1,0,1,0,1,1,1,0,1,1,0,1,1,1,0,1,1,1,0,0,0
19.65,0,0,0,0,1,0,0,1,0,0,0,0,0,0,1,0,1,1,0,0,0
51.2,0,0,1,1,0,0,0,0,0,0,0,1,1,1,0,0,0,1,0,0,1
75.8,0,0,1,1,1,1,1,0,0,0,0,0,0,0,0,0,1,0,0,0,0
44.45,0,0,0,0,1,0,0,0,0,0,0,0,0,0,0,0,0,0,0,1,0
19.5,0,0,0,0,1,0,0,1,0,0,0,0,0,0,0,0,0,0,0,1,1
89,0,0,1,1,1,1,0,0,1,1,1,1,1,1,0,1,1,0,0,0,0
19.25,0,0,1,0,1,0,0,1,0,0,0,0,0,0,0,0,0,0,0,0,0
94.1,1,0,0,0,1,1,1,0,0,0,0,0,1,1,0,0,1,0,1,0,0
108.9,0,0,1,0,1,1,1,0,0,1,1,1,1,1,0,1,1,1,0,0,0
107.4,0,1,0,0,1,1,1,0,1,1,1,1,0,1,0,1,1,0,0,0,0
94.7,1,0,1,0,1,0,1,0,0,0,1,0,1,1,0,0,1,1,0,0,1
104.35,1,1,0,0,1,1,1,0,0,1,1,0,1,1,0,0,1,0,1,0,0
55.45,1,1,0,0,0,0,0,0,0,1,1,0,1,1,1,0,1,0,1,0,0
61.3,0,0,1,1,1,0,0,0,1,1,1,0,0,0,0,1,1,1,0,0,0
96.85,0,1,0,0,1,1,1,0,1,1,0,0,0,1,0,0,1,0,1,0,0
40.55,0,0,1,1,0,0,0,0,0,1,1,1,0,0,0,1,0,0,0,1,0
108.25,1,0,1,1,1,1,1,0,1,1,1,0,1,1,1,0,1,0,1,0,0
84.9,1,0,0,0,1,1,1,0,0,0,0,0,0,1,0,0,1,0,1,0,1
70.15,0,0,0,0,1,0,0,0,0,1,1,1,1,0,1,0,1,1,0,0,0
80.05,0,0,1,1,1,1,0,0,1,1,1,1,0,1,1,0,1,0,0,0,0
62.05,1,0,0,0,1,1,0,0,0,0,1,1,0,0,0,0,0,0,0,1,1
54.95,0,0,1,1,0,0,0,0,0,1,1,0,1,1,0,1,1,1,0,0,0
19.9,1,0,1,1,1,0,0,1,0,0,0,0,0,0,1,0,0,0,0,1,0
19.9,0,0,1,1,1,0,0,1,0,0,0,0,0,0,0,1,0,1,0,0,0
81.25,0,0,1,1,1,1,0,0,1,1,1,1,1,0,0,1,0,1,0,0,0
115.5,0,0,1,0,1,1,1,0,1,1,1,1,1,1,0,1,1,0,0,0,0
79,0,0,0,0,1,1,1,0,1,0,0,0,0,0,0,0,1,0,0,0,0
76.5,1,0,0,0,1,1,1,0,0,0,0,0,0,0,0,0,1,0,1,0,1
49.2,1,0,0,0,1,0,0,0,0,0,0,1,0,0,0,0,1,0,1,0,1
23.15,1,0,0,0,1,1,0,1,0,0,0,0,0,0,0,0,0,1,0,0,1
20.45,1,0,0,0,1,0,0,1,0,0,0,0,0,0,1,0,0,0,0,1,0
80.85,0,0,1,1,1,0,1,0,0,0,0,0,0,1,0,0,0,0,1,0,1
25.25,1,0,1,0,1,1,0,1,0,0,0,0,0,0,0,1,0,0,0,0,0
72.45,1,0,0,0,1,0,0,0,1,1,1,1,1,0,0,0,1,0,0,0,0
91.55,0,0,1,1,1,0,1,0,0,1,1,0,1,0,0,0,1,0,1,0,0
113.15,0,0,0,0,1,1,1,0,1,1,1,1,1,1,0,1,1,1,0,0,0
19.85,1,0,1,1,1,0,0,1,0,0,0,0,0,0,1,0,0,1,0,0,0
59.1,0,0,1,1,1,0,0,0,0,1,1,1,0,0,1,0,0,0,0,0,0
53.95,1,0,0,0,0,0,0,0,0,1,1,0,1,1,1,0,1,0,0,1,1
96.8,0,0,1,0,1,0,1,0,0,0,1,0,1,1,0,0,1,0,1,0,0
19.55,0,0,0,0,1,0,0,1,0,0,0,0,0,0,0,0,1,0,0,1,0
103.65,1,0,0,0,1,1,1,0,0,1,1,0,1,1,0,1,1,0,1,0,0
54.7,0,0,1,0,1,0,0,0,1,1,0,0,0,0,0,0,0,0,0,1,0
106.25,0,1,1,0,1,1,1,0,0,1,1,0,1,1,1,0,1,0,1,0,1
19.35,1,0,0,0,1,0,0,1,0,0,0,0,0,0,0,0,0,0,0,1,0
94.75,0,0,1,0,1,0,1,0,1,0,0,0,1,1,1,0,1,0,1,0,0
74.9,0,1,0,0,1,1,1,0,0,0,0,0,0,0,0,0,1,0,0,0,0
80.6,0,0,0,0,1,0,0,0,1,0,1,1,1,1,0,1,0,0,1,0,0
70.45,1,0,0,0,1,0,1,0,0,0,0,0,0,0,1,0,1,0,0,0,1
19.9,0,0,0,0,1,0,0,1,0,0,0,0,0,0,0,0,0,0,0,1,0
53.95,1,0,0,0,1,0,0,0,1,0,0,1,0,0,0,0,1,0,1,0,1
105.5,0,1,0,0,1,1,1,0,0,1,1,0,1,1,0,0,1,0,1,0,1
69.8,0,0,1,1,1,0,1,0,0,0,0,0,0,0,0,0,1,0,1,0,1
73.75,1,1,0,0,1,1,1,0,0,0,0,0,0,0,0,0,0,0,0,1,1
93.9,0,0,0,0,1,1,1,0,0,0,0,0,1,1,0,0,1,0,0,1,1
70.4,0,1,0,0,1,0,1,0,0,0,0,0,0,0,0,0,1,0,1,0,1
59.6,1,0,1,1,1,0,0,0,1,1,0,1,0,0,1,0,0,0,0,1,0
58.95,0,1,1,0,1,0,0,0,0,1,0,0,0,1,1,0,1,0,0,0,0
70.95,0,0,0,0,1,0,1,0,0,0,0,0,0,0,0,0,1,0,1,0,1
48.8,0,0,1,1,1,1,0,0,0,0,0,0,0,0,0,0,0,0,1,0,0
64.4,1,0,0,1,1,1,0,0,1,1,1,0,0,0,1,0,1,0,0,0,0
84.9,0,0,1,0,1,1,0,0,1,0,1,1,1,1,0,1,1,0,0,0,0
62.5,0,0,0,0,0,0,0,0,1,1,1,1,1,1,0,1,1,0,0,0,0
106.05,1,0,0,0,1,0,1,0,1,1,1,0,1,1,1,0,1,0,1,0,0
113.45,1,0,1,1,1,1,1,0,1,1,1,1,1,1,1,0,1,0,0,0,0
92.55,1,0,1,1,1,0,1,0,0,1,0,1,1,0,0,0,1,0,1,0,0
74.7,0,0,0,0,1,0,1,0,0,1,0,0,0,0,0,0,1,0,1,0,1
56.35,0,0,0,0,1,0,0,0,1,0,0,1,0,0,0,0,0,1,0,0,0
90.8,0,0,0,0,1,1,1,0,0,1,0,0,1,0,0,0,1,0,1,0,1
23.85,0,0,1,0,1,1,0,1,0,0,0,0,0,0,0,1,0,0,0,1,0
84.8,1,1,1,0,1,0,1,0,1,1,0,1,0,0,0,1,1,1,0,0,0
90.85,1,1,0,0,1,1,1,0,1,0,0,0,1,0,0,0,1,0,1,0,1
108.5,1,0,1,0,1,1,1,0,1,0,1,1,1,1,1,0,1,0,0,1,0
84,1,1,1,0,1,0,0,0,1,1,1,1,1,1,1,0,1,0,0,0,0
80.65,1,0,1,1,1,0,1,0,1,1,0,0,0,0,1,0,1,1,0,0,0
57.2,0,0,0,1,0,0,0,0,1,1,1,0,1,1,0,0,1,0,0,1,0
110.75,0,0,1,0,1,1,1,0,1,1,1,0,1,1,0,1,1,0,1,0,0
97.05,0,1,0,0,1,1,1,0,1,1,0,1,1,0,0,0,1,0,1,0,0
24.4,1,0,1,1,1,1,0,1,0,0,0,0,0,0,0,0,1,0,0,1,0
51,1,0,0,0,0,0,0,0,0,1,0,0,1,1,0,0,1,0,0,1,1
94.75,0,0,1,0,1,1,1,0,1,1,0,0,1,0,0,0,1,0,1,0,0
95.7,1,1,0,0,1,1,1,0,0,0,0,0,1,1,0,0,1,0,1,0,1
44.35,1,0,1,0,1,0,0,0,0,0,0,0,0,0,0,0,1,0,0,0,0
24.35,1,0,0,0,0,0,0,0,0,0,0,0,0,0,1,0,1,1,0,0,0
25.05,0,0,1,0,1,1,0,1,0,0,0,0,0,0,0,1,0,1,0,0,0
93.8,1,1,1,0,1,1,1,0,1,1,0,0,0,1,0,0,0,1,0,0,0
103.75,1,0,1,0,1,1,1,0,0,1,1,0,1,1,0,1,1,0,0,0,0
20.8,1,0,1,1,1,0,0,1,0,0,0,0,0,0,1,0,1,1,0,0,0
25.6,0,1,1,0,1,1,0,1,0,0,0,0,0,0,1,0,0,0,0,0,0
79.55,0,0,0,0,1,1,1,0,0,0,0,1,0,0,0,0,1,1,0,0,0
45.5,0,0,1,1,1,0,0,0,0,0,0,0,0,0,0,0,0,0,0,1,0
30.05,1,0,1,0,0,0,0,0,0,1,0,0,0,0,0,0,1,1,0,0,0
74.05,0,0,0,0,1,1,0,0,1,1,0,1,0,1,0,1,0,0,0,1,0
110.75,1,1,0,0,1,1,1,0,0,1,1,1,1,1,1,0,1,0,0,0,0
55,1,0,0,0,1,0,0,0,0,0,1,1,0,0,0,0,1,1,0,0,1
43.95,0,0,1,1,0,0,0,0,1,0,1,0,0,1,0,1,1,1,0,0,0
19.65,0,0,0,0,1,0,0,1,0,0,0,0,0,0,0,1,0,1,0,0,0
94.5,0,1,1,0,1,1,1,0,1,1,0,0,1,0,0,0,1,0,1,0,0
34.65,1,1,0,0,0,0,0,0,0,0,0,0,0,1,0,0,1,0,0,0,0
52.3,1,1,1,0,0,0,0,0,0,1,1,0,1,1,0,0,1,0,0,0,0
65,0,0,0,0,1,1,0,0,0,0,0,1,1,0,0,0,0,0,0,1,0
19.7,0,0,1,1,1,0,0,1,0,0,0,0,0,0,0,1,0,1,0,0,0
19.85,0,0,0,0,1,0,0,1,0,0,0,0,0,0,0,1,1,0,0,1,0
81.85,0,0,1,1,1,1,1,0,1,0,0,0,0,0,1,0,0,1,0,0,0
109.3,1,0,1,1,1,0,1,0,1,1,1,1,1,1,0,1,0,1,0,0,0
85.55,1,1,1,0,1,1,1,0,0,0,0,0,0,1,0,0,0,0,1,0,1
50.3,0,0,1,0,1,0,0,0,1,0,0,0,0,0,0,0,1,0,0,0,0
78.8,1,0,0,0,1,0,1,0,0,0,0,0,1,0,0,0,0,0,1,0,0
85.35,0,1,1,0,1,1,1,0,0,0,0,0,0,1,0,0,1,1,0,0,1
19.3,0,0,0,0,1,0,0,1,0,0,0,0,0,0,1,0,1,0,0,1,0
79.6,0,1,0,0,1,0,1,0,0,0,0,0,0,1,0,0,1,0,1,0,1
96.8,1,0,1,1,1,1,1,0,0,1,0,1,1,0,0,0,0,0,0,1,0
19.8,1,0,1,1,1,0,0,1,0,0,0,0,0,0,1,0,0,0,0,1,0
90.6,1,1,0,0,1,1,1,0,1,0,0,0,1,0,0,0,1,0,1,0,1
80.05,0,0,0,0,1,1,1,0,0,0,0,1,0,0,0,0,0,1,0,0,0
45.15,0,0,0,0,1,0,0,0,0,0,0,0,0,0,0,0,0,0,0,1,0
20.2,0,0,0,0,1,0,0,1,0,0,0,0,0,0,0,0,1,0,0,0,1
45.65,1,0,0,1,1,0,0,0,0,0,0,0,0,0,0,0,1,1,0,0,0
79.95,0,0,1,1,1,1,1,0,0,1,0,0,0,0,0,0,1,1,0,0,0
75.85,1,0,0,0,1,1,1,0,0,0,0,0,0,0,0,0,1,0,1,0,0
76.25,0,1,1,1,1,1,0,0,1,0,1,1,1,0,1,0,0,0,1,0,0
24.9,1,1,0,0,1,1,0,1,0,0,0,0,0,0,1,0,1,0,0,0,0
49.45,0,0,0,1,0,0,0,0,0,0,1,0,1,1,1,0,1,1,0,0,0
93.8,0,0,1,1,1,0,1,0,0,0,1,0,1,1,1,0,1,0,1,0,1
19.85,0,0,1,1,1,0,0,1,0,0,0,0,0,0,0,1,0,0,0,1,0
100.25,0,0,1,1,1,1,1,0,1,0,1,1,0,1,1,0,1,0,0,0,0
19.8,1,0,1,1,1,0,0,1,0,0,0,0,0,0,1,0,0,0,0,1,0
20.45,0,0,1,1,1,0,0,1,0,0,0,0,0,0,0,0,0,0,0,1,0
89.85,0,0,0,0,1,1,1,0,1,1,0,1,0,0,1,0,1,0,1,0,0
96.75,1,0,0,0,1,1,1,0,1,1,1,1,0,0,0,0,1,0,0,1,0
106.65,1,0,0,0,1,1,1,0,1,1,1,1,1,0,0,0,1,0,0,0,0
110.15,0,0,1,0,1,1,1,0,1,0,1,1,1,1,0,1,1,1,0,0,0
20.1,0,0,1,0,1,0,0,1,0,0,0,0,0,0,0,1,0,0,0,1,0
49.7,0,0,0,0,1,0,0,0,0,0,1,0,0,0,0,0,0,1,0,0,0
65.85,1,0,1,1,1,0,0,0,1,1,1,1,0,0,0,1,0,0,0,1,0
20.05,0,0,0,0,1,0,0,1,0,0,0,0,0,0,0,0,0,0,0,1,1
70.4,1,0,0,0,1,0,1,0,0,0,0,0,0,0,0,0,0,0,1,0,1
61.35,0,0,0,0,0,0,0,0,1,0,1,1,1,1,0,1,1,0,0,0,0
70.9,1,0,0,0,1,1,0,0,0,1,1,0,0,1,1,0,0,1,0,0,0
49.85,0,0,1,1,1,0,0,0,0,1,0,0,0,0,0,0,0,0,0,1,0
103.05,1,0,1,0,1,1,1,0,1,1,1,1,1,0,0,0,1,0,1,0,0
118.35,1,0,0,0,1,1,1,0,1,1,1,1,1,1,1,0,1,0,0,0,1
81.9,0,0,0,0,1,0,1,0,0,0,0,0,1,0,0,0,1,0,0,1,0
30.45,1,0,0,0,0,0,0,0,1,0,0,0,0,0,0,0,1,0,1,0,1
80.2,1,1,0,0,1,1,1,0,0,1,0,0,0,0,0,0,1,0,1,0,1
19.75,0,0,0,0,1,0,0,1,0,0,0,0,0,0,0,0,0,0,1,0,0
116.5,1,1,0,0,1,1,1,0,1,1,1,1,1,1,0,0,1,0,1,0,0
106.8,1,1,0,0,1,1,1,0,0,1,0,1,1,1,0,1,1,0,1,0,0
104.55,0,0,0,0,1,1,1,0,1,1,1,1,1,0,1,0,1,0,0,0,0
20.1,0,0,1,0,1,0,0,1,0,0,0,0,0,0,0,0,0,0,0,0,0
104.2,0,0,1,1,1,1,1,0,1,0,1,0,1,1,0,0,1,0,1,0,1
56.1,1,0,0,0,1,0,0,0,1,1,0,0,0,0,1,0,0,0,0,1,0
74.35,0,0,0,0,1,0,1,0,0,1,0,0,0,0,0,0,0,0,1,0,0
53.65,0,0,0,0,1,1,0,0,1,0,0,0,0,0,0,0,1,0,1,0,0
104,1,0,0,0,1,1,1,0,1,0,1,0,1,1,1,0,0,0,1,0,0
108.95,0,0,1,0,1,1,1,0,0,1,1,1,1,1,1,0,1,0,0,0,0
90.8,1,0,1,1,1,1,0,0,1,1,1,1,1,1,0,1,1,1,0,0,0
84.7,0,0,1,0,1,1,1,0,1,1,0,0,0,0,0,1,1,0,0,0,0
70.8,0,0,0,1,1,0,0,0,1,0,1,1,1,0,1,0,1,1,0,0,0
36.45,0,1,0,0,0,0,0,0,0,0,0,0,1,0,0,0,1,0,1,0,1
101.5,1,1,1,0,1,1,1,0,0,0,0,1,1,1,0,0,1,0,1,0,0
54.3,1,0,0,0,1,1,0,0,0,1,0,0,0,0,0,0,0,0,1,0,0
103.95,1,1,1,1,1,1,1,0,0,0,1,0,1,1,0,0,1,0,1,0,0
75.1,1,0,0,0,1,0,0,0,1,1,1,1,1,0,0,1,1,0,0,0,0
110.15,0,0,1,0,1,1,1,0,0,1,1,1,1,1,0,1,1,0,1,0,0
80.35,0,1,1,0,1,1,1,0,1,0,0,0,0,0,0,0,0,0,1,0,1
111.5,0,0,0,0,1,1,1,0,0,1,1,1,1,1,1,0,1,0,1,0,0
106.5,0,0,1,1,1,1,1,0,0,1,1,0,1,1,1,0,1,0,1,0,0
65.6,1,0,0,0,1,0,0,0,1,1,1,1,0,0,0,1,0,0,0,0,0
40.65,0,1,1,0,0,0,0,0,0,0,1,0,0,1,0,0,1,1,0,0,1
109.95,1,0,1,0,1,1,1,0,1,1,0,1,1,1,0,1,1,1,0,0,0
60.45,1,0,1,0,0,0,0,0,0,1,1,1,1,1,1,0,1,0,1,0,1
38.5,1,0,1,1,0,0,0,0,1,1,1,0,0,0,0,1,0,1,0,0,0
24.5,0,0,0,0,1,1,0,1,0,0,0,0,0,0,0,0,1,0,0,1,0
20.6,1,0,0,0,1,0,0,1,0,0,0,0,0,0,0,0,0,0,0,1,0
25.45,1,0,1,0,1,1,0,1,0,0,0,0,0,0,0,1,0,0,0,0,0
96.2,1,0,0,0,1,1,1,0,0,0,0,0,1,1,0,0,0,0,1,0,0
94.35,1,0,1,1,1,1,1,0,0,0,1,1,0,1,0,1,0,0,0,0,0
20.3,1,0,1,1,1,0,0,1,0,0,0,0,0,0,0,0,0,0,0,1,0
89.55,1,0,0,0,1,0,1,0,0,1,0,1,1,0,1,0,1,0,1,0,0
105.85,0,1,1,0,1,0,1,0,0,1,1,1,1,1,0,1,1,1,0,0,0
89.3,0,0,0,0,1,1,1,0,0,0,1,0,0,1,0,0,1,1,0,0,0
107.5,1,1,1,0,1,1,1,0,1,1,1,0,1,1,0,0,1,0,1,0,0
76.05,0,0,0,0,1,1,1,0,0,0,0,0,0,0,0,0,1,0,1,0,0
96.25,1,0,1,1,1,1,1,0,0,0,1,1,0,1,0,1,1,0,0,0,1
86.9,1,0,1,1,1,1,0,0,1,0,1,1,1,1,0,1,0,0,0,0,0
55.25,1,0,0,1,1,0,0,0,1,1,0,0,0,0,0,0,1,0,0,1,1
90.1,0,0,0,0,1,1,1,0,0,1,0,0,1,0,0,0,1,0,1,0,1
79.65,0,0,0,0,1,0,1,0,0,0,0,0,1,0,0,0,1,0,1,0,1
86.45,0,0,1,0,1,1,1,0,0,1,1,0,0,0,1,0,0,1,0,0,0
108.75,0,1,1,0,1,1,1,0,1,1,1,0,1,1,0,0,0,0,0,0,0
101.3,0,1,1,0,1,1,1,0,0,0,0,1,1,1,0,0,1,1,0,0,1
89.2,1,0,1,1,1,1,1,0,0,0,1,0,0,1,0,0,1,0,1,0,1
70.45,1,1,1,0,1,0,1,0,0,0,0,0,0,0,0,0,0,0,0,0,0
83.65,1,0,1,1,1,1,1,0,0,0,0,0,0,1,0,0,1,0,1,0,1
61.45,1,0,0,1,1,0,0,0,1,1,0,1,0,0,0,1,0,1,0,0,0
106.4,0,0,1,0,1,0,1,0,1,1,0,1,1,1,1,0,1,1,0,0,0
54.6,1,0,0,0,1,1,0,0,0,0,0,1,0,0,1,0,0,0,0,0,0
107.95,0,0,1,1,1,1,1,0,0,1,1,1,1,1,0,1,1,0,0,0,1
69.7,1,0,1,1,1,1,0,0,1,1,0,0,0,1,0,1,0,0,0,0,0
95.4,1,0,0,0,1,1,1,0,1,0,0,1,0,1,0,0,1,0,1,0,0
19.25,1,0,0,0,1,0,0,1,0,0,0,0,0,0,0,0,0,0,0,1,0
29.65,0,1,0,0,0,0,0,0,0,0,0,1,0,0,0,0,1,0,1,0,1
20.4,0,0,0,1,1,0,0,1,0,0,0,0,0,0,1,0,1,0,0,1,0
25.35,1,0,1,1,1,1,0,1,0,0,0,0,0,0,0,1,0,0,0,1,0
20,1,0,0,1,1,0,0,1,0,0,0,0,0,0,0,1,0,0,0,0,0
82.5,0,0,1,1,1,1,0,0,1,1,0,1,1,1,0,1,1,0,0,0,0
70.3,0,1,0,0,1,0,1,0,0,0,0,0,0,0,0,0,1,0,1,0,1
20.35,0,0,0,0,1,0,0,1,0,0,0,0,0,0,0,0,0,0,0,1,0
50.8,0,0,0,0,1,0,0,0,0,0,0,1,0,0,0,0,1,0,1,0,1
61.3,1,0,0,0,1,0,0,0,0,0,0,1,1,0,0,0,1,0,1,0,0
98,0,0,1,0,1,1,1,0,1,0,0,0,1,1,1,0,1,0,1,0,0
80.25,1,0,0,0,1,0,1,0,0,0,0,0,1,0,0,0,1,0,1,0,1
52,1,0,1,1,0,0,0,0,1,1,0,1,1,0,1,0,1,0,0,1,0
85.45,1,0,0,0,1,1,1,0,0,0,0,0,1,0,0,0,0,0,0,0,1
30.5,1,0,0,0,0,0,0,0,0,0,0,1,0,0,0,0,0,0,1,0,0
99.45,1,1,0,0,1,1,1,0,0,0,1,0,1,1,0,0,1,0,1,0,1
86.2,0,0,1,1,1,1,0,0,0,1,1,1,1,1,0,0,1,0,1,0,0
24.8,0,1,1,0,0,0,0,0,0,0,0,0,0,0,0,0,1,0,1,0,1
78.5,0,1,1,0,1,1,1,0,1,0,0,0,0,0,0,1,0,0,0,0,0
20.05,0,0,0,0,1,0,0,1,0,0,0,0,0,0,0,1,0,0,0,1,0
100.45,0,0,0,0,1,1,1,0,0,0,1,0,1,1,0,0,0,0,1,0,0
19.8,0,0,0,0,1,0,0,1,0,0,0,0,0,0,1,0,1,0,1,0,0
76.4,0,0,0,0,1,0,0,0,0,0,1,1,1,1,0,0,0,0,1,0,1
54.5,0,0,0,1,1,0,0,0,1,0,0,1,0,0,0,0,0,0,1,0,0
61.6,0,1,0,0,1,1,0,0,0,0,0,0,0,1,0,0,1,0,0,1,1
49.6,0,0,1,1,1,0,0,0,0,0,1,0,0,0,0,0,1,0,0,0,0
25,0,0,0,1,1,1,0,1,0,0,0,0,0,0,0,1,1,1,0,0,0
45.45,1,0,0,0,1,0,0,0,0,0,0,0,0,0,0,0,0,0,1,0,0
89.1,1,0,1,1,1,1,1,0,0,0,1,0,1,0,0,1,1,1,0,0,0
84.65,1,0,0,0,1,1,1,0,0,0,0,0,1,0,0,0,1,0,0,1,1
61.35,1,0,1,0,1,0,0,0,1,1,0,1,0,0,0,1,1,0,0,1,0
20.05,1,0,1,0,1,0,0,1,0,0,0,0,0,0,0,1,0,1,0,0,0
70.15,1,0,1,0,1,1,0,0,0,1,0,1,0,1,1,0,1,0,0,1,0
20.75,1,0,0,0,1,0,0,1,0,0,0,0,0,0,0,1,1,0,0,1,0
79.7,0,0,0,0,1,0,1,0,0,0,0,0,1,0,0,0,1,0,1,0,1
79,1,0,0,0,1,0,1,0,0,1,1,0,0,0,0,0,1,1,0,0,0
89.45,0,1,1,0,1,0,1,0,0,1,1,0,0,1,0,1,0,1,0,0,0
81,1,0,1,1,1,1,0,0,1,0,0,1,1,1,0,0,0,0,0,0,0
84.6,0,0,0,0,1,1,1,0,0,0,0,0,1,0,0,0,1,0,1,0,0
84.2,0,0,1,1,1,1,0,0,1,0,1,1,1,1,0,1,1,0,0,0,0
77.75,0,0,1,0,1,1,1,0,0,0,1,0,0,0,0,0,1,0,1,0,1
87.1,1,0,0,0,1,1,0,0,1,0,1,1,1,1,0,1,0,0,0,0,0
65.35,1,0,0,0,1,0,0,0,1,0,1,0,1,0,0,0,0,0,0,0,0
24.25,1,0,1,1,1,1,0,1,0,0,0,0,0,0,0,1,0,0,0,1,0
88.4,1,1,1,0,1,1,1,0,0,1,0,0,0,1,1,0,0,0,0,1,1
20.2,1,0,0,0,1,0,0,1,0,0,0,0,0,0,0,0,0,0,0,1,0
92.45,0,1,0,0,1,0,1,0,1,1,0,1,1,0,0,1,1,0,0,0,0
48.45,0,0,0,0,1,0,0,0,1,0,0,0,0,0,0,0,1,0,0,0,0
51.75,1,0,0,0,1,1,0,0,0,0,0,0,0,0,0,0,0,1,0,0,1
86.7,1,1,1,1,1,0,1,0,1,1,1,0,0,0,1,0,1,0,0,0,0
69.2,0,0,1,0,1,0,1,0,0,0,0,0,0,0,0,0,1,0,0,0,0
24.75,0,0,1,1,1,1,0,1,0,0,0,0,0,0,1,0,1,0,0,0,0
20.05,1,0,0,0,1,0,0,1,0,0,0,0,0,0,0,0,0,0,0,1,0
95.4,0,1,0,0,1,1,1,0,0,0,0,0,1,1,0,0,1,0,0,0,0
80.35,1,0,0,1,1,1,1,0,1,0,0,0,0,0,0,0,0,0,1,0,0
85.1,0,0,1,1,1,1,0,0,1,0,1,1,1,1,0,1,1,0,0,0,0
81.1,0,0,0,0,1,0,1,0,0,0,0,0,0,1,0,0,1,0,1,0,1
42.4,1,0,0,0,0,0,0,0,1,1,0,1,0,0,0,0,0,0,0,1,0
20.5,1,1,0,0,1,0,0,1,0,0,0,0,0,0,1,0,0,0,0,0,0
20.25,1,0,1,1,1,0,0,1,0,0,0,0,0,0,1,0,0,0,0,0,0
20.6,0,0,0,0,1,0,0,1,0,0,0,0,0,0,0,1,1,0,0,1,0
80.2,0,0,0,0,1,0,1,0,0,0,0,0,1,0,0,0,0,0,1,0,0
20.65,1,0,0,0,1,0,0,1,0,0,0,0,0,0,0,0,0,0,1,0,0
55.25,1,0,0,0,1,1,0,0,1,0,0,0,0,0,0,1,0,0,0,1,0
95.15,0,0,1,1,1,1,1,0,0,1,1,0,0,1,0,0,1,0,1,0,0
79.8,1,0,1,0,1,1,0,0,0,1,1,0,1,1,1,0,1,0,1,0,0
78.35,1,0,1,1,1,1,0,0,1,1,1,1,0,1,1,0,0,0,0,0,0
53.55,0,0,0,0,1,0,0,0,0,0,0,0,1,0,0,0,1,0,0,1,1
19.1,1,0,0,0,1,0,0,1,0,0,0,0,0,0,1,0,0,0,1,0,0
93.9,0,0,1,1,1,1,1,0,1,1,1,1,0,0,0,1,0,0,0,0,1
19.95,1,0,0,0,1,0,0,1,0,0,0,0,0,0,1,0,0,0,0,0,0
84.95,0,1,1,0,1,0,1,0,0,1,0,0,0,1,0,0,0,0,1,0,1
54.35,0,0,0,0,1,0,0,0,0,0,1,1,0,0,0,1,0,1,0,0,1
55.2,1,0,0,1,1,0,0,0,0,0,1,1,0,0,1,0,0,1,0,0,0
55.8,0,1,0,0,0,0,0,0,1,1,0,0,1,1,0,0,1,0,1,0,1
85.5,1,0,1,1,1,1,1,0,1,1,0,0,0,0,1,0,1,0,0,0,0
20.2,1,0,0,0,1,0,0,1,0,0,0,0,0,0,0,0,1,0,0,0,1
91,0,1,1,0,1,0,1,0,0,0,0,0,1,1,1,0,1,0,0,0,0
89.8,1,1,1,0,1,1,1,0,0,1,0,0,0,1,0,0,1,0,0,0,0
20.55,0,0,0,1,1,0,0,1,0,0,0,0,0,0,0,0,1,0,1,0,0
96.65,0,0,0,0,1,1,1,0,1,1,0,0,1,0,0,0,1,0,1,0,1
25,1,0,1,0,0,0,0,0,0,0,0,0,0,0,0,0,0,0,0,1,0
90.25,1,0,1,1,1,1,1,0,0,0,1,0,0,1,1,0,0,1,0,0,0
19.95,1,0,0,0,1,0,0,1,0,0,0,0,0,0,0,0,0,0,1,0,1
75.9,1,0,0,0,1,0,1,0,0,0,0,1,0,0,0,0,1,0,1,0,1
39.1,0,1,1,1,0,0,0,0,0,1,0,0,0,1,1,0,1,0,1,0,0
59.8,1,0,1,1,1,0,0,0,1,1,1,0,0,0,1,0,0,0,1,0,0
84.3,0,0,1,0,1,1,1,0,0,0,1,1,0,0,0,0,1,0,1,0,1
79,0,0,0,0,1,0,1,0,0,0,0,0,1,0,0,0,1,0,1,0,1
93,1,0,1,0,1,1,1,0,0,0,0,0,1,1,0,0,1,0,1,0,0
71.8,0,0,1,0,1,1,0,0,1,1,1,0,0,1,1,0,0,0,1,0,0
69.6,1,0,0,0,1,0,1,0,0,0,0,0,0,0,0,0,1,0,0,1,0
19.75,1,0,1,1,1,0,0,1,0,0,0,0,0,0,0,0,0,0,1,0,0
60,0,0,0,1,1,0,0,0,1,1,0,1,0,0,0,0,1,0,1,0,1
74.65,1,0,0,0,1,0,1,0,0,1,0,0,0,0,0,0,1,0,1,0,0
61.2,1,0,0,0,0,0,0,0,1,0,1,1,1,1,0,1,1,1,0,0,0
73.45,1,1,1,0,1,1,0,0,0,0,1,0,1,1,0,1,1,1,0,0,0
105.1,1,1,1,1,1,1,1,0,1,1,0,0,1,1,0,0,1,1,0,0,1
19.65,1,0,0,0,1,0,0,1,0,0,0,0,0,0,0,0,0,0,0,1,0
75.7,0,0,0,0,1,0,1,0,0,1,0,0,0,0,0,0,1,0,1,0,1
78.1,0,1,1,1,1,1,1,0,0,0,1,0,0,0,0,0,1,1,0,0,0
110.5,0,0,1,0,1,1,1,0,0,1,1,1,1,1,0,1,1,0,1,0,0
81.35,1,1,0,0,1,1,0,0,1,1,1,1,0,1,0,1,0,1,0,0,0
97.95,0,0,1,1,1,1,1,0,0,1,0,0,1,1,0,0,1,0,1,0,1
80.5,1,0,0,0,1,0,1,0,0,0,0,0,1,0,0,0,1,1,0,0,1
21.3,0,0,1,1,1,0,0,1,0,0,0,0,0,0,0,1,1,0,0,0,0
51.05,0,0,1,1,1,0,0,0,1,0,0,0,0,0,0,0,0,1,0,0,0
19.85,0,0,1,1,1,0,0,1,0,0,0,0,0,0,0,1,0,0,0,0,0
20,0,0,1,1,1,0,0,1,0,0,0,0,0,0,0,1,0,0,0,1,0
20.05,1,0,0,0,1,0,0,1,0,0,0,0,0,0,0,0,0,0,0,1,0
39.1,1,0,1,1,0,0,0,0,1,0,1,1,0,0,0,1,0,0,0,1,0
70.15,0,1,1,0,1,0,1,0,0,0,0,0,0,0,0,0,1,0,1,0,1
20.25,0,0,0,0,1,0,0,1,0,0,0,0,0,0,0,1,0,1,0,0,0
96.5,1,1,1,0,1,1,1,0,1,0,1,0,1,0,0,0,1,0,1,0,0
39.4,0,0,1,1,0,0,0,0,1,1,0,1,0,0,0,1,0,0,0,1,0
70.25,0,0,0,0,1,0,1,0,0,0,0,0,0,0,0,0,1,0,1,0,0
93.75,1,1,0,0,1,1,1,0,1,0,0,1,0,1,0,1,0,0,1,0,0
60,0,0,1,0,1,0,0,0,0,0,0,1,1,0,1,0,0,0,0,0,0
20.4,0,0,0,0,1,0,0,1,0,0,0,0,0,0,0,0,0,0,0,1,0
82.5,1,0,1,1,1,1,1,0,0,0,0,0,1,0,0,1,0,0,0,0,0
82.3,1,0,1,0,1,1,0,0,1,1,1,1,0,1,0,1,1,0,0,0,0
68.15,1,0,1,0,1,1,0,0,1,1,1,1,0,0,0,1,0,0,0,1,0
89.3,0,1,0,0,1,0,1,0,0,0,0,0,1,1,0,0,1,0,1,0,1
96.3,0,1,0,0,1,0,1,0,1,0,1,1,0,1,0,0,1,0,0,1,1
60,0,0,1,1,0,0,0,0,1,1,1,0,1,1,0,1,1,1,0,0,0
35.1,0,0,0,0,0,0,0,0,0,0,0,0,0,1,0,0,1,0,1,0,1
75.55,1,1,1,0,1,1,1,0,0,0,0,0,0,0,0,0,1,0,1,0,0
23.9,0,0,1,1,1,1,0,1,0,0,0,0,0,0,0,1,0,1,0,0,0
85.95,0,0,0,0,1,0,1,0,0,1,0,0,0,1,0,0,1,0,0,1,0
71,1,0,1,1,1,0,1,0,0,0,0,0,0,0,0,0,1,0,1,0,1
20.6,1,0,0,0,1,0,0,1,0,0,0,0,0,0,0,0,1,1,0,0,0
59.8,1,0,1,0,1,0,0,0,1,0,0,0,1,0,1,0,1,0,0,1,0
70.55,0,1,0,0,1,0,1,0,0,0,0,0,0,0,0,0,0,0,1,0,0
20.05,0,0,0,0,1,0,0,1,0,0,0,0,0,0,0,0,1,0,0,1,0
70.3,1,1,1,0,1,0,1,0,0,0,0,0,0,0,0,0,1,0,1,0,1
71.85,1,0,1,1,1,1,0,0,1,0,0,1,0,1,0,0,0,0,1,0,0
49.7,0,0,1,1,1,0,0,0,1,0,0,0,0,0,1,0,1,0,0,0,0
45.25,1,1,0,0,0,0,0,0,0,0,0,0,1,1,1,0,1,0,1,0,1
81.6,1,1,1,0,1,1,1,0,0,0,1,0,0,0,1,0,1,0,0,0,0
76.1,0,0,0,0,1,1,1,0,0,0,0,0,0,0,0,0,0,0,1,0,0
94,0,0,0,0,1,1,1,0,0,0,0,0,1,1,1,0,1,0,0,0,0
103.95,1,0,1,1,1,1,1,0,1,1,1,1,0,1,0,1,0,1,0,0,0
19.95,1,0,1,0,1,0,0,1,0,0,0,0,0,0,0,1,1,0,0,0,0
96.1,1,0,1,0,1,1,1,0,1,1,0,0,0,1,1,0,0,0,1,0,0
89.3,0,0,1,0,1,1,0,0,1,1,1,1,1,1,0,1,0,1,0,0,0
70,0,0,0,0,1,0,1,0,0,0,0,0,0,0,0,0,0,0,0,0,1
20.85,0,0,1,0,1,0,0,1,0,0,0,0,0,0,0,0,0,0,0,1,0
19.35,1,1,1,0,1,0,0,1,0,0,0,0,0,0,0,1,1,1,0,0,0
75.4,0,0,0,0,1,0,1,0,1,0,0,0,0,0,0,0,1,0,1,0,0
106.95,0,0,0,0,1,1,1,0,1,0,1,0,1,1,1,0,1,1,0,0,1
29.6,1,0,0,0,0,0,0,0,0,1,0,0,0,0,0,0,1,0,1,0,1
24.35,1,0,1,1,1,1,0,1,0,0,0,0,0,0,1,0,0,0,0,1,0
19.75,0,0,1,1,1,0,0,1,0,0,0,0,0,0,0,1,0,0,0,1,0
50.25,1,1,1,0,0,0,0,0,0,1,0,0,1,1,0,0,1,0,1,0,0
85.35,0,0,0,0,1,1,0,0,1,0,1,1,1,1,0,1,1,1,0,0,0
41.6,1,0,0,0,0,0,0,0,0,0,1,0,1,0,1,0,1,0,1,0,1
100.85,1,0,0,0,1,1,1,0,0,1,0,0,1,1,0,0,1,1,0,0,1
25.45,1,1,1,0,1,1,0,1,0,0,0,0,0,0,0,1,0,1,0,0,0
23.9,1,0,1,1,1,1,0,1,0,0,0,0,0,0,0,1,0,1,0,0,0
84.5,1,0,1,1,1,1,1,0,0,0,0,0,1,0,0,0,0,0,1,0,1
50.85,0,0,1,0,1,0,0,0,0,1,0,0,0,0,0,0,0,0,0,1,0
85,1,0,0,0,1,0,1,0,0,1,0,0,0,1,0,0,1,0,1,0,0
78.95,0,1,0,0,1,1,1,0,0,1,0,0,0,0,0,0,1,0,1,0,1
60.9,1,0,0,0,1,0,0,0,0,0,1,0,1,0,0,0,0,0,0,1,0
112.75,0,0,0,0,1,1,1,0,1,1,1,1,1,1,0,1,1,1,0,0,0
19.5,1,0,1,1,1,0,0,1,0,0,0,0,0,0,0,1,0,0,0,1,0
78.8,0,1,0,0,1,0,1,0,0,0,0,0,0,1,0,0,1,0,1,0,0
78.65,1,0,0,0,1,0,0,0,1,0,1,1,1,1,0,0,0,1,0,0,0
24.75,1,0,0,0,1,1,0,1,0,0,0,0,0,0,0,1,0,0,0,1,0
93.85,0,1,1,0,1,1,1,0,0,1,1,0,0,1,0,0,1,0,1,0,1
59.9,1,1,0,0,1,0,0,0,0,1,0,0,1,0,0,0,1,0,1,0,0
85.85,1,0,1,1,1,0,1,0,0,1,1,1,0,0,1,0,1,0,0,1,0
34.85,0,0,0,0,0,0,0,0,0,1,0,1,0,0,0,0,1,0,0,0,0
56.65,1,0,0,0,1,0,0,0,1,0,0,1,0,0,0,0,0,0,0,1,1
84.6,1,0,1,0,1,0,1,0,1,1,0,1,0,0,0,1,0,0,0,0,0
44.95,0,0,0,0,0,0,0,0,0,1,0,1,0,1,0,0,0,0,1,0,0
68.4,1,0,1,1,1,0,0,0,1,1,0,1,1,0,0,1,0,0,0,0,0
89.9,0,0,0,0,1,1,1,0,0,0,1,0,0,1,0,0,1,0,1,0,1
78.55,1,1,1,0,1,0,1,0,0,0,0,0,0,1,0,0,0,0,1,0,1
55.05,1,0,1,0,1,0,0,0,0,0,0,0,1,0,0,0,1,0,0,0,0
80.75,1,0,1,0,1,0,1,0,1,1,0,0,0,0,0,0,0,0,0,0,0
61.75,0,0,1,1,1,0,0,0,1,0,1,1,0,0,0,0,0,0,0,0,0
63.7,1,0,1,1,1,0,0,0,1,0,1,0,0,1,1,0,1,1,0,0,0
25.2,1,1,0,0,0,0,0,0,0,0,0,0,0,0,0,0,1,0,0,0,1
87.6,0,0,0,0,1,0,1,0,1,0,1,1,0,0,0,0,0,0,1,0,0
20,1,0,1,1,1,0,0,1,0,0,0,0,0,0,0,1,0,1,0,0,0
20.05,1,0,1,1,1,0,0,1,0,0,0,0,0,0,0,0,1,1,0,0,0
79.85,0,0,0,0,1,0,0,0,1,1,0,1,1,1,1,0,0,1,0,0,0
74.6,0,0,1,0,1,1,0,0,0,1,1,1,1,0,1,0,0,0,0,0,0
94.7,1,0,0,1,1,0,1,0,0,1,0,0,1,1,0,0,1,0,1,0,0
111.95,1,0,1,1,1,0,1,0,1,1,1,1,1,1,0,1,0,0,0,0,0
19.85,1,0,0,0,1,0,0,1,0,0,0,0,0,0,0,1,0,0,0,0,0
89.75,0,0,0,0,1,1,1,0,0,1,0,0,1,0,0,0,1,0,1,0,0
20.05,1,0,1,0,1,0,0,1,0,0,0,0,0,0,0,1,1,0,0,1,0
108.95,1,0,0,0,1,1,1,0,1,0,1,1,1,1,0,1,1,0,1,0,0
71.75,1,1,0,0,1,1,0,0,1,1,0,0,0,1,1,0,1,0,1,0,0
54.85,1,0,0,1,0,0,0,0,0,0,1,1,1,1,1,0,0,0,0,0,0
19.5,1,0,1,1,1,0,0,1,0,0,0,0,0,0,1,0,1,0,0,1,0
83.6,0,0,1,1,1,0,1,0,0,1,0,0,0,1,0,0,1,0,1,0,1
100.65,0,1,1,0,1,1,1,0,0,0,0,1,1,1,1,0,1,0,1,0,0
74.55,0,0,0,0,1,0,1,0,1,0,0,0,0,0,0,0,1,0,1,0,0
108.45,1,0,0,0,1,1,1,0,0,1,1,1,1,1,1,0,0,0,1,0,1
80.55,0,0,0,0,1,1,0,0,0,1,1,0,1,1,1,0,1,0,1,0,0
61.25,0,0,1,1,0,0,0,0,1,0,1,1,1,1,1,0,0,0,0,1,0
45.2,0,0,0,1,1,0,0,0,0,0,0,0,0,0,0,0,0,0,0,0,0
19.45,0,0,0,0,1,0,0,1,0,0,0,0,0,0,0,0,0,1,0,0,0
49.05,0,0,0,0,0,0,0,0,0,0,1,0,1,1,0,0,1,0,0,0,1
20.25,0,0,0,0,1,0,0,1,0,0,0,0,0,0,1,0,0,0,0,1,0
36.5,1,1,1,0,0,0,0,0,0,0,0,0,0,1,0,0,0,0,0,0,1
70.75,0,0,0,0,1,0,1,0,0,0,0,0,0,0,0,0,0,0,0,1,1
19.95,0,0,0,0,1,0,0,1,0,0,0,0,0,0,0,0,0,0,0,1,0
76.6,0,0,0,1,1,1,1,0,0,0,0,0,0,0,0,0,1,0,1,0,0
45.9,1,0,1,0,1,0,0,0,0,0,0,0,0,0,0,0,1,0,0,0,0
40.3,0,0,0,0,0,0,0,0,1,1,0,1,0,0,1,0,1,0,0,0,0
49.5,0,0,0,1,1,1,0,0,0,0,0,0,0,0,0,0,1,0,0,1,0
19.2,0,0,1,1,1,0,0,1,0,0,0,0,0,0,0,1,1,0,0,1,0
44.55,0,0,0,1,1,0,0,0,0,0,0,0,0,0,0,0,1,0,1,0,1
81,1,0,1,1,1,1,0,0,0,0,1,1,1,1,0,1,1,0,0,0,0
24.9,0,0,1,1,1,1,0,1,0,0,0,0,0,0,1,0,0,0,0,1,0
61.35,0,0,1,1,1,0,0,0,1,1,1,0,0,0,1,0,0,0,0,0,0
49.8,1,0,0,0,1,0,0,0,1,0,0,0,0,0,0,0,1,1,0,0,0
24.4,1,1,1,1,1,1,0,1,0,0,0,0,0,0,0,1,1,0,0,0,0
95,1,0,1,0,1,1,1,0,0,0,0,0,1,1,0,0,1,0,0,0,0
69.9,1,0,1,0,1,1,0,0,1,0,1,0,0,1,0,1,1,0,0,1,0
55.4,0,0,0,0,1,0,0,0,0,0,0,0,0,1,0,0,1,0,1,0,1
85,0,0,1,0,1,1,0,0,1,0,1,1,1,1,0,1,1,1,0,0,0
19.95,1,0,0,0,1,0,0,1,0,0,0,0,0,0,0,0,0,0,0,1,0
54.15,0,0,0,0,1,1,0,0,0,1,0,0,0,0,0,0,0,0,0,1,0
104.9,0,1,1,1,1,1,1,0,0,1,1,0,1,1,1,0,1,0,1,0,0
66.65,1,0,0,0,1,0,0,0,0,1,0,1,1,0,0,0,1,0,1,0,0
102.25,1,0,1,0,1,1,1,0,0,0,1,0,1,1,0,0,1,1,0,0,1
78.1,0,0,1,0,1,0,1,0,0,0,0,0,0,1,0,0,1,0,1,0,0
53.4,0,0,0,0,0,0,0,0,0,0,1,1,1,1,0,0,1,1,0,0,0
44.7,1,1,0,0,1,0,0,0,0,0,0,0,0,0,0,0,0,1,0,0,0
114,1,0,1,1,1,1,1,0,1,1,1,1,1,1,0,1,1,0,0,0,0
20.25,0,0,1,1,1,0,0,1,0,0,0,0,0,0,0,1,0,0,0,0,0
50.25,0,0,1,0,1,1,0,0,0,0,0,0,0,0,0,0,1,0,1,0,1
20.35,1,0,1,1,1,0,0,1,0,0,0,0,0,0,1,0,1,0,0,1,0
99.5,0,0,0,0,1,0,1,0,0,1,1,0,1,1,0,0,1,0,1,0,1
25.85,0,0,0,0,0,0,0,0,0,0,0,0,0,0,1,0,0,0,0,1,0
91.05,1,0,0,0,1,0,1,0,0,0,0,0,1,1,0,0,0,0,1,0,0
20.95,1,0,1,1,1,0,0,1,0,0,0,0,0,0,0,1,1,0,0,0,0
19.35,1,0,1,0,1,0,0,1,0,0,0,0,0,0,0,0,0,0,0,1,1
89.65,0,0,0,0,1,1,0,0,1,0,1,1,1,1,1,0,1,1,0,0,0
74.35,1,0,0,0,1,0,1,0,1,0,0,0,0,0,0,0,0,0,0,1,0
89.1,0,0,1,0,1,1,1,0,0,1,0,0,0,1,0,0,1,0,1,0,0
70.65,1,1,0,0,1,0,1,0,0,0,0,0,0,0,0,0,1,0,1,0,0
104.2,0,0,1,1,1,1,1,0,0,0,1,1,1,1,0,0,1,0,1,0,1
19.4,0,0,0,0,1,0,0,1,0,0,0,0,0,0,0,0,0,1,0,0,0
88.75,0,1,1,1,1,1,1,0,0,0,1,0,0,1,0,0,1,1,0,0,0
91,1,1,0,0,1,1,1,0,1,0,0,0,0,1,0,0,0,1,0,0,0
95.15,0,1,0,0,1,1,1,0,0,0,0,0,1,1,0,0,1,0,0,0,1
103.95,1,0,1,0,1,1,1,0,1,0,1,0,1,1,1,0,1,0,1,0,0
91.95,1,0,1,1,1,1,0,0,1,1,1,1,1,1,0,1,1,1,0,0,0
80.5,1,0,0,0,1,0,1,0,0,0,0,0,0,1,0,0,0,0,1,0,1
104.15,0,0,0,1,1,1,1,0,0,1,1,0,1,1,1,0,1,1,0,0,0
110.05,1,0,0,0,1,1,1,0,1,1,1,0,1,1,0,1,1,1,0,0,0
25.5,1,0,1,1,1,1,0,1,0,0,0,0,0,0,0,1,0,1,0,0,0
89.55,1,1,0,0,1,0,1,0,0,0,0,0,1,1,0,0,1,0,0,1,1
19.5,0,0,1,1,1,0,0,1,0,0,0,0,0,0,0,1,0,1,0,0,0
25.15,1,0,0,0,0,0,0,0,0,0,0,0,0,0,0,0,1,0,0,0,0
24.85,1,0,0,0,0,0,0,0,0,0,0,0,0,0,1,0,1,0,0,1,0
54.75,0,0,0,1,1,0,0,0,0,1,0,1,0,0,1,0,1,1,0,0,0
85.75,0,0,1,1,1,0,1,0,0,0,0,1,1,0,0,0,1,0,1,0,1
20.15,0,0,1,1,1,0,0,1,0,0,0,0,0,0,0,1,0,0,0,1,0
98.25,0,1,0,0,1,1,1,0,0,1,0,0,1,1,0,0,1,0,1,0,1
81.45,1,0,1,1,1,0,1,0,1,1,0,0,0,0,1,0,1,1,0,0,0
25.7,0,1,0,0,0,0,0,0,0,0,0,0,0,0,0,0,1,0,0,1,1
69,0,0,1,1,1,0,1,0,0,0,0,0,0,0,0,0,1,0,1,0,1
46.05,1,0,0,0,1,0,0,0,0,0,0,0,0,0,0,0,0,0,0,0,1
64.95,1,0,0,1,1,1,0,0,1,1,0,1,0,0,1,0,0,0,0,0,0
40.05,1,1,1,1,0,0,0,0,1,0,0,0,0,1,0,0,0,0,0,1,1
107.45,0,0,1,1,1,1,1,0,1,1,1,1,0,1,0,1,0,1,0,0,0
99.15,0,0,1,0,1,1,1,0,1,0,0,0,1,1,0,1,0,0,0,0,0
19.25,0,0,1,1,1,0,0,1,0,0,0,0,0,0,0,0,0,0,1,0,0
70.65,0,1,0,0,1,0,1,0,0,0,0,0,0,0,0,0,1,0,1,0,1
20.6,1,0,0,0,1,0,0,1,0,0,0,0,0,0,1,0,0,0,0,1,0
93.5,0,0,0,0,1,1,1,0,0,0,0,0,1,1,0,0,1,0,1,0,0
93.7,0,0,1,0,1,1,1,0,0,0,0,0,1,1,0,1,1,0,0,0,1
80.95,0,0,0,0,1,1,0,0,0,0,1,1,1,1,0,1,1,0,0,0,0
105.4,1,0,0,0,1,0,1,0,1,1,0,1,1,1,1,0,1,1,0,0,1
21.05,1,0,0,1,1,0,0,1,0,0,0,0,0,0,0,0,0,1,0,0,0
19.65,0,0,1,0,1,0,0,1,0,0,0,0,0,0,0,0,0,0,0,0,1
105.95,0,0,0,0,1,1,1,0,0,0,1,1,1,1,1,0,1,1,0,0,0
91.25,1,0,0,0,1,0,1,0,0,1,0,1,1,0,1,0,1,0,0,0,0
40.3,1,0,1,1,0,0,0,0,1,0,1,1,0,0,1,0,0,0,1,0,0
100.9,0,0,1,1,1,1,1,0,1,0,0,0,1,1,1,0,0,0,0,1,0
100.35,0,0,0,0,1,1,1,0,1,0,0,0,1,1,0,0,1,0,1,0,1
49.25,1,1,1,1,1,0,0,0,0,0,0,1,0,0,0,0,1,1,0,0,1
103.7,1,0,1,1,1,1,1,0,0,1,0,1,1,1,0,0,0,0,1,0,1
54.95,1,0,1,0,1,0,0,0,1,0,0,1,0,0,0,0,1,1,0,0,0
93.7,0,0,1,0,1,0,1,0,1,1,0,1,0,1,1,0,0,0,0,0,0
98.9,1,0,0,0,1,0,1,0,1,0,1,0,1,1,1,0,1,0,1,0,0
80.45,0,0,1,1,1,0,0,0,1,0,1,1,1,1,0,1,1,0,0,0,0
20.3,0,0,0,0,1,0,0,1,0,0,0,0,0,0,0,0,1,0,0,1,1
62.8,0,0,0,0,1,0,0,0,0,0,1,1,0,1,0,0,0,0,0,0,0
74.9,0,0,0,0,1,1,1,0,0,0,0,0,0,0,0,0,1,0,0,1,0
74.85,0,0,0,0,1,0,1,0,1,0,0,0,0,0,0,0,1,0,1,0,0
25.85,1,0,0,1,1,1,0,1,0,0,0,0,0,0,0,1,1,1,0,0,0
19.35,1,0,0,0,1,0,0,1,0,0,0,0,0,0,0,1,0,0,0,0,0
19.55,1,0,0,1,1,0,0,1,0,0,0,0,0,0,0,0,0,0,0,1,0
83.55,1,0,1,1,1,1,0,0,1,0,1,1,1,1,0,1,1,1,0,0,0
56.85,0,0,1,0,1,0,0,0,0,1,0,1,0,0,0,0,0,0,1,0,0
49.75,0,0,1,1,0,0,0,0,0,1,0,0,1,1,0,0,1,0,1,0,0
65.25,1,1,0,0,1,0,0,0,0,0,1,1,0,1,1,0,0,0,0,0,0
116.6,1,0,1,1,1,1,1,0,1,1,1,1,1,1,0,1,1,0,0,0,0
50.65,0,0,0,0,0,0,0,0,0,0,1,0,1,1,0,0,1,1,0,0,0
25.25,1,0,1,1,1,1,0,1,0,0,0,0,0,0,0,1,0,1,0,0,0
45.35,0,0,1,0,0,0,0,0,1,1,0,0,1,0,1,0,1,0,1,0,0
71.05,0,0,0,0,1,0,0,0,1,1,0,1,1,0,0,1,0,1,0,0,0
50.05,0,0,0,0,1,0,0,0,0,0,0,1,0,0,1,0,0,0,0,0,0
20.15,1,0,0,0,1,0,0,1,0,0,0,0,0,0,0,1,0,0,0,1,0
69.25,0,0,0,0,1,0,1,0,0,0,0,0,0,0,0,0,1,0,0,1,1
61,1,0,1,0,1,0,0,0,1,1,1,0,0,0,0,0,0,0,0,1,0
20.5,0,0,1,1,1,0,0,1,0,0,0,0,0,0,0,1,0,1,0,0,0
50.5,1,0,0,0,1,0,0,0,0,0,1,0,0,0,0,0,1,0,1,0,1
50.2,1,0,1,1,0,0,0,0,0,1,1,1,1,0,0,1,0,0,0,1,0
79.6,0,0,0,0,1,0,0,0,1,0,1,1,1,1,0,1,0,0,0,0,0
74.4,1,1,0,0,1,1,1,0,0,0,0,0,0,0,0,0,1,0,1,0,1
50.55,0,0,1,1,1,0,0,0,0,1,0,0,0,0,1,0,0,1,0,0,0
90.65,1,0,0,0,1,1,1,0,1,0,0,0,1,0,0,0,0,0,1,0,0
79,1,0,0,0,1,0,0,0,1,0,1,1,1,1,1,0,0,0,0,1,0
87.75,1,0,0,0,1,1,1,0,1,0,0,0,1,0,0,0,1,0,0,0,0
100.05,1,1,1,0,1,1,1,0,0,0,1,0,1,1,0,0,1,0,1,0,1
44.45,1,0,1,1,0,0,0,0,1,0,1,0,1,0,1,0,0,1,0,0,0
49.15,1,0,1,1,1,0,0,0,1,0,0,0,0,0,0,0,1,0,1,0,0
95.65,1,0,0,0,1,0,1,0,0,1,0,0,1,1,0,0,0,0,1,0,1
69.1,1,0,1,0,1,1,0,0,1,0,0,1,0,1,1,0,1,0,0,1,0
20.6,0,0,1,1,1,0,0,1,0,0,0,0,0,0,0,1,0,0,0,1,0
94.4,0,0,0,0,1,0,1,0,0,0,1,0,1,1,0,0,0,0,1,0,1
64.15,1,0,1,1,1,1,0,0,1,1,0,1,0,0,1,0,0,0,0,0,0
109.55,1,1,1,0,1,1,1,0,1,1,1,0,1,1,0,1,1,0,0,0,0
55,0,0,0,0,1,0,0,0,0,0,0,0,1,0,0,0,1,1,0,0,1
73.55,1,0,1,0,1,0,1,0,1,0,0,0,0,0,0,0,1,0,0,1,0
94.35,0,0,1,0,1,1,1,0,0,1,0,1,0,1,0,1,1,0,0,0,0
18.85,1,0,0,0,1,0,0,1,0,0,0,0,0,0,0,0,1,0,0,1,1
19.4,1,0,0,0,1,0,0,1,0,0,0,0,0,0,1,0,0,0,0,1,0
19.75,1,0,1,0,1,0,0,1,0,0,0,0,0,0,0,1,0,0,0,1,0
29.8,0,0,0,1,0,0,0,0,0,0,1,0,0,0,0,0,1,0,0,1,0
82.3,0,0,0,0,1,0,1,0,0,1,1,0,0,0,0,0,1,0,1,0,1
105.7,0,0,1,0,1,1,1,0,0,1,1,0,1,1,1,0,1,0,0,0,0
79.25,1,0,0,0,1,0,1,0,0,0,0,0,1,0,0,0,0,0,1,0,1
84.6,0,0,0,0,1,1,1,0,0,0,0,0,0,1,0,0,1,0,1,0,1
99.65,0,0,1,1,1,1,1,0,1,0,1,1,0,1,0,1,0,0,0,1,0
60.9,1,0,0,0,1,0,0,0,0,1,1,1,0,0,0,0,1,0,1,0,0
64.7,1,0,1,0,0,0,0,0,1,1,1,1,1,1,0,1,1,0,1,0,0
55.3,1,0,1,1,1,0,0,0,0,1,1,0,0,0,0,0,1,0,0,1,1
20.35,0,1,0,0,1,0,0,1,0,0,0,0,0,0,1,0,0,0,0,0,0
102.35,1,0,0,0,1,0,1,0,0,1,1,0,1,1,1,0,1,0,0,0,1
115.65,1,0,1,0,1,1,1,0,1,1,1,1,1,1,1,0,0,1,0,0,1
20.5,0,0,0,1,1,0,0,1,0,0,0,0,0,0,0,1,0,0,0,1,0
54.75,0,0,1,1,1,0,0,0,1,0,1,0,0,0,1,0,0,1,0,0,0
56.25,0,0,0,0,1,0,0,0,0,0,0,0,0,1,0,0,1,0,1,0,1
96,0,0,1,0,1,0,1,0,0,1,0,0,1,1,1,0,1,0,1,0,0
79.75,0,1,0,0,1,0,1,0,0,0,0,0,0,1,0,0,1,0,0,0,1
61.45,0,0,1,1,0,0,0,0,0,1,1,1,1,1,0,1,1,0,0,0,0
19.5,0,0,1,1,1,0,0,1,0,0,0,0,0,0,0,1,0,0,0,1,0
29.15,0,0,0,0,0,0,0,0,1,0,0,0,0,0,0,0,1,0,0,1,0
90.8,1,0,1,0,1,1,0,0,1,1,1,1,1,1,0,1,1,1,0,0,0
51,0,0,1,1,0,0,0,0,0,1,1,1,0,1,1,0,0,0,0,0,0
90.1,0,1,0,0,1,1,1,0,0,0,1,0,1,0,0,0,1,0,1,0,0
20.3,0,0,0,0,1,0,0,1,0,0,0,0,0,0,0,0,0,0,0,1,0
24.65,0,0,1,1,1,1,0,1,0,0,0,0,0,0,0,1,1,1,0,0,0
23.85,0,0,1,1,1,1,0,1,0,0,0,0,0,0,0,1,0,0,0,1,0
70.85,0,0,0,0,1,0,1,0,0,0,0,0,0,0,0,0,1,0,1,0,1
109.7,1,1,1,0,1,1,1,0,0,1,1,1,1,1,0,1,0,1,0,0,0
96.35,0,0,1,1,1,1,1,0,0,1,1,0,1,0,0,0,1,1,0,0,0
44.5,1,0,1,1,1,0,0,0,0,0,0,0,0,0,0,0,1,0,1,0,0
110.9,1,1,0,0,1,1,1,0,0,1,1,1,1,1,1,0,0,1,0,0,1
25.3,1,0,0,1,0,0,0,0,0,0,0,0,0,0,0,0,1,0,1,0,1
69.9,1,0,1,1,1,0,1,0,0,0,0,0,0,0,0,0,1,0,0,1,1
83.45,0,0,0,0,1,1,0,0,1,1,1,0,1,1,1,0,1,1,0,0,0
86.65,1,0,0,0,1,1,1,0,1,1,0,0,0,0,0,0,1,1,0,0,0
20.15,0,0,0,0,1,0,0,1,0,0,0,0,0,0,0,0,0,0,0,0,0
19.4,0,0,1,1,1,0,0,1,0,0,0,0,0,0,0,1,0,1,0,0,0
95.75,1,1,1,0,1,0,1,0,0,0,1,0,1,1,0,0,1,0,1,0,1
78.75,1,1,0,0,1,0,1,0,0,0,0,0,0,1,0,0,1,0,1,0,0
20.1,1,0,1,0,1,0,0,1,0,0,0,0,0,0,1,0,0,0,0,1,0
53.65,1,0,1,0,1,0,0,0,1,1,0,0,0,0,1,0,1,1,0,0,0
20.75,1,0,0,0,1,0,0,1,0,0,0,0,0,0,0,1,0,0,0,1,0
50.15,0,0,0,0,1,0,0,0,1,0,0,0,0,0,0,0,1,0,1,0,1
77.55,0,0,1,1,1,0,0,0,1,0,1,0,1,1,0,1,0,1,0,0,0
19.85,1,0,1,1,1,0,0,1,0,0,0,0,0,0,0,0,0,1,0,0,0
67.45,0,0,0,0,1,1,0,0,1,1,0,1,0,0,0,0,0,0,0,1,0
18.55,1,0,0,0,1,0,0,1,0,0,0,0,0,0,0,1,1,1,0,0,0
24.2,0,0,0,0,1,1,0,1,0,0,0,0,0,0,0,1,0,0,0,1,0
23.55,1,0,1,1,1,1,0,1,0,0,0,0,0,0,0,1,0,0,0,1,0
20.45,0,0,1,0,1,0,0,1,0,0,0,0,0,0,1,0,0,0,0,0,0
92.3,1,0,1,0,1,1,0,0,1,1,1,1,1,1,0,1,0,1,0,0,0
83.85,0,1,1,0,1,1,0,0,0,1,1,1,1,1,0,0,0,0,1,0,0
103.65,0,0,0,0,1,1,1,0,0,0,1,1,1,1,0,0,1,0,1,0,0
20.35,1,0,0,0,1,0,0,1,0,0,0,0,0,0,0,1,0,1,0,0,0
70.7,0,0,0,0,1,1,0,0,0,1,0,1,0,1,1,0,1,0,0,1,0
29.15,0,0,0,0,0,0,0,0,0,1,0,0,0,0,0,0,0,0,1,0,0
92.45,1,0,1,0,1,1,1,0,0,1,0,1,1,0,0,1,1,0,0,1,0
36.05,0,0,0,1,0,0,0,0,1,0,0,1,0,0,1,0,1,0,0,1,0
48.25,0,0,0,0,0,0,0,0,0,0,1,0,1,1,0,0,1,0,1,0,0
71.1,0,0,1,1,1,1,0,0,1,1,1,1,0,0,0,1,0,0,0,1,0
96.55,1,0,0,0,1,1,1,0,0,1,1,0,0,1,0,0,0,0,1,0,0
89.6,1,0,0,0,1,0,1,0,0,1,0,1,0,1,1,0,1,1,0,0,0
20.5,0,0,0,0,1,0,0,1,0,0,0,0,0,0,0,1,1,0,0,1,0
106.3,1,0,1,0,1,1,1,0,0,1,1,0,1,1,0,1,1,0,0,0,0
100.35,1,0,1,1,1,0,1,0,0,1,1,0,1,1,1,0,0,0,0,0,0
85.6,1,0,1,1,1,0,1,0,0,0,0,1,0,1,0,0,1,0,1,0,0
106.15,0,0,1,1,1,1,1,0,0,1,1,0,1,1,1,0,1,0,1,0,0
51.1,1,0,1,1,1,0,0,0,0,0,0,1,0,0,0,0,1,0,1,0,0
25.7,0,1,1,0,1,1,0,1,0,0,0,0,0,0,0,1,1,1,0,0,0
95.9,1,1,0,0,1,1,1,0,0,1,1,0,0,1,0,0,1,0,1,0,0
89.2,0,0,0,0,1,1,1,0,0,0,1,0,1,0,0,0,1,0,1,0,0
25.75,1,0,1,0,1,1,0,1,0,0,0,0,0,0,0,1,0,1,0,0,0
20.05,1,0,0,0,1,0,0,1,0,0,0,0,0,0,0,1,0,0,0,0,0
19.5,0,0,1,0,1,0,0,1,0,0,0,0,0,0,0,0,0,0,0,0,0
45.3,0,1,1,0,0,0,0,0,0,0,0,0,1,1,0,0,0,0,1,0,0
19.65,1,0,1,1,1,0,0,1,0,0,0,0,0,0,1,0,0,0,0,1,0
87.25,0,0,1,1,1,0,0,0,1,1,1,1,1,1,0,1,0,1,0,0,0
20.8,1,0,1,1,1,0,0,1,0,0,0,0,0,0,0,1,1,0,0,1,0
56.5,0,0,1,1,1,0,0,0,0,1,0,1,0,0,0,0,0,0,0,1,1
49.85,0,0,0,0,0,0,0,0,1,0,1,1,0,1,0,1,0,0,0,1,0
89.75,1,1,1,0,1,0,1,0,0,0,0,0,1,1,0,0,1,0,0,0,0
19.4,1,0,0,0,1,0,0,1,0,0,0,0,0,0,0,0,1,1,0,0,0
49.4,1,0,0,1,1,0,0,0,1,0,0,0,0,0,0,0,1,0,1,0,1
78.9,0,0,1,1,1,0,1,0,0,0,0,0,1,0,0,0,1,0,0,1,0
20.65,1,0,1,1,1,0,0,1,0,0,0,0,0,0,0,0,1,0,1,0,0
45,1,0,0,1,0,0,0,0,1,1,1,1,0,0,0,0,1,0,0,1,0
69.65,1,0,0,1,1,0,1,0,0,0,0,0,0,0,0,0,0,0,1,0,1
53.15,0,0,0,1,0,0,0,0,1,1,1,1,1,0,0,1,0,0,0,1,0
24.7,0,0,0,0,1,1,0,1,0,0,0,0,0,0,0,0,0,0,0,0,0
48.55,0,0,0,0,1,0,0,0,1,0,0,0,0,0,0,0,0,1,0,0,1
19.55,1,0,0,0,1,0,0,1,0,0,0,0,0,0,0,1,0,0,0,1,0
111.15,0,0,0,0,1,1,1,0,1,1,1,0,1,1,0,1,1,0,0,1,0
89.1,0,0,0,0,1,1,1,0,1,0,0,0,1,0,0,0,1,0,0,0,0
91.25,1,0,1,1,1,1,1,0,1,0,1,1,0,0,1,0,1,1,0,0,0
74.95,1,1,1,0,1,1,1,0,0,0,0,0,0,0,0,0,0,0,1,0,1
93.35,0,0,1,0,1,1,1,0,0,0,1,1,1,0,0,0,0,0,1,0,0
80.45,0,1,0,0,1,1,1,0,0,1,0,0,0,0,0,0,1,1,0,0,1
86.8,1,0,0,0,1,1,1,0,0,0,0,0,0,1,0,0,1,0,1,0,1
99,1,0,0,0,1,1,1,0,0,0,0,1,1,1,0,0,1,0,0,1,1
19.3,1,0,0,1,1,0,0,1,0,0,0,0,0,0,0,0,1,0,0,1,0
89.65,1,0,0,0,1,0,1,0,0,1,0,1,1,0,0,0,0,0,0,1,0
79.55,0,0,0,0,1,1,1,0,0,0,1,0,0,0,0,0,1,0,0,1,1
83.55,1,0,1,1,1,1,1,0,0,1,0,1,0,0,0,0,1,0,0,0,0
65.7,1,0,0,1,1,1,0,0,1,1,0,1,0,0,0,1,0,0,0,0,0
111.3,0,0,0,0,1,1,1,0,1,1,1,1,1,1,0,1,0,0,0,1,0
101.9,0,0,0,0,1,1,1,0,0,1,1,0,1,1,0,0,1,0,0,0,1
88.85,0,1,0,0,1,1,1,0,0,0,1,0,0,1,0,0,1,0,1,0,1
95.45,1,0,0,0,1,1,1,0,0,0,0,0,1,1,0,0,1,0,1,0,1
19.95,1,0,0,0,1,0,0,1,0,0,0,0,0,0,0,1,0,0,0,0,0
94.6,0,0,1,0,1,1,1,0,0,1,1,0,1,0,0,0,0,0,0,0,0
69.7,0,0,0,0,1,0,1,0,0,0,0,0,0,0,0,0,0,0,0,0,1
101.35,0,1,0,0,1,1,1,0,0,0,1,0,1,1,0,0,0,0,1,0,1
24.3,0,0,1,1,1,1,0,1,0,0,0,0,0,0,0,1,0,0,0,0,0
61.1,1,0,0,0,1,0,0,0,0,0,1,0,0,1,1,0,1,0,1,0,0
105.9,1,1,1,0,1,1,1,0,0,1,1,0,1,1,0,0,1,0,1,0,1
46,1,0,1,1,0,0,0,0,0,0,1,1,0,1,0,1,0,1,0,0,0
94,1,1,0,0,1,0,1,0,0,0,1,0,1,1,1,0,1,0,0,0,0
68.45,0,1,1,0,1,1,0,0,1,1,1,1,0,0,1,0,1,1,0,0,0
43.85,0,1,0,0,0,0,0,0,0,1,0,1,1,0,0,0,1,0,1,0,0
55.35,1,0,0,1,1,0,0,0,0,0,0,0,1,0,0,0,0,0,1,0,1
85.5,1,0,0,0,1,1,1,0,0,0,0,0,1,0,0,0,1,0,1,0,0
103,1,1,1,0,1,1,1,0,0,1,1,0,1,1,0,0,1,0,1,0,1
97.85,0,0,1,0,1,1,1,0,0,0,1,0,1,1,0,1,1,0,1,0,0
84.05,0,0,1,0,1,1,1,0,1,1,0,0,0,0,0,1,1,0,0,0,0
103.75,0,0,1,0,1,0,1,0,1,0,1,1,1,1,1,0,1,0,1,0,1
89.4,1,0,0,0,1,1,1,0,0,0,1,0,0,1,0,0,0,1,0,0,0
19.7,1,0,0,1,1,0,0,1,0,0,0,0,0,0,0,1,0,1,0,0,0
74.45,1,0,0,0,1,0,1,0,0,1,0,0,0,0,0,0,0,1,0,0,0
73.85,0,0,0,0,1,0,1,0,0,1,0,0,0,0,0,0,1,0,1,0,1
64.4,1,0,1,1,1,1,0,0,1,1,0,1,0,0,0,0,0,1,0,0,0
20.05,0,0,0,1,1,0,0,1,0,0,0,0,0,0,0,0,0,1,0,0,0
75.15,0,0,1,0,1,1,1,0,0,0,0,0,0,0,0,0,1,1,0,0,1
99.15,1,0,0,0,1,0,1,0,1,1,0,0,1,1,1,0,0,0,0,0,0
45.55,0,0,0,1,0,0,0,0,0,1,1,0,0,1,0,0,0,1,0,0,0
107.4,0,0,0,0,1,1,1,0,0,1,1,0,1,1,0,0,1,0,0,0,1
19.75,0,0,1,1,1,0,0,1,0,0,0,0,0,0,0,1,1,0,0,0,0
43.05,1,0,0,1,0,0,0,0,1,1,0,0,1,0,1,0,1,0,0,0,0
72,0,0,1,0,1,0,0,0,1,1,1,0,1,0,0,1,1,1,0,0,0
49.7,1,0,0,0,1,0,0,0,0,1,0,0,0,0,0,0,1,0,0,1,0
65.45,0,0,0,0,1,0,0,0,0,1,0,1,1,0,0,0,1,0,1,0,0
25,1,0,0,1,0,0,0,0,0,0,0,0,0,0,0,0,0,1,0,0,0
94.1,0,0,1,0,1,1,1,0,0,1,0,1,1,0,0,0,1,1,0,0,1
108.35,0,1,0,0,1,1,1,0,1,1,1,0,1,1,1,0,1,0,1,0,0
88.05,0,1,1,0,1,1,1,0,0,1,0,0,1,0,0,0,1,0,1,0,1
80.5,0,0,0,0,1,0,1,0,0,0,0,0,0,1,0,0,1,0,1,0,0
20.55,0,0,0,0,1,0,0,1,0,0,0,0,0,0,1,0,0,0,1,0,0
35.75,1,0,0,0,0,0,0,0,0,0,1,1,0,0,0,0,0,0,1,0,0
19.3,1,0,1,0,1,0,0,1,0,0,0,0,0,0,1,0,0,1,0,0,0
60.4,0,0,0,0,1,0,0,0,1,1,0,1,0,0,0,0,1,0,0,1,1
84.95,0,0,1,0,1,1,0,0,1,1,0,1,1,1,0,1,1,0,1,0,0
93.4,0,0,0,0,1,1,1,0,0,1,1,0,1,0,0,0,1,0,0,0,0
20.65,0,0,0,0,1,0,0,1,0,0,0,0,0,0,0,1,0,0,0,0,0
70.65,1,0,1,1,1,0,1,0,0,0,0,0,0,0,0,0,1,0,0,1,1
20.15,0,0,0,0,1,0,0,1,0,0,0,0,0,0,0,1,0,0,0,1,0
59.8,1,0,0,0,1,0,0,0,0,0,0,1,1,0,1,0,1,0,1,0,1
95.05,0,0,0,0,1,1,1,0,0,0,1,1,0,1,0,0,1,0,0,0,0
20.05,0,0,0,0,1,0,0,1,0,0,0,0,0,0,0,0,1,0,0,1,0
75.75,1,1,0,0,1,1,1,0,0,0,0,0,0,0,0,0,1,0,1,0,1
102.95,0,0,0,0,1,1,1,0,1,1,1,0,1,0,0,0,1,1,0,0,1
78.7,1,0,0,0,1,0,1,0,0,0,0,0,1,0,0,0,1,0,0,0,0
103.2,0,0,1,1,1,1,1,0,0,1,1,0,1,1,1,0,1,1,0,0,0
